feature_0,feature_1,feature_2,feature_3,feature_4,feature_5,feature_6,feature_7,feature_8,feature_9
2.365397735617739,-2.405070211852649,1.4545298125768045,0.6354537186648757,0.3314852620217588,0.2554835301955555,0.1417658589610795,-1.8844584265608013,-1.619776758022065,0.42321237445701776
1.4663588313902067,1.4318378764526818,2.4926884931033477,1.6627408686266065,0.8455260998852114,2.7681287809159603,1.1512196407856137,-1.2784318450762924,-0.07690288718292071,-0.721963327125129
0.8181209847330277,-0.40840875565876855,-1.2305455535022998,1.7091576471435213,1.5910193057751172,1.0304781154870233,-0.20576859802966765,0.31240745394608027,2.566688762896697,0.8899875622171
0.1731303834409308,-2.01946067528689,-0.303312423459996,0.2227064902543303,0.5317448831256588,-0.3400937264153201,0.18676205484824018,-3.1335642358848785,2.6822465897416943,2.633537940031605
-1.0753385059380822,1.2318630689875474,-1.1691581370654385,-1.186857719907273,-0.7150218680302427,3.330300655720813,-1.0285765255061254,1.8406201361967307,1.0021009300257386,-1.1518683845867739
1.3707826925629625,1.324738241473855,2.1910314651778453,2.9560776090663,-0.5777505081541768,-0.09832464443731836,-0.6041676033158545,-1.9825685055010533,1.0750509542786642,0.14280939244258323
1.5916927114749788,-1.1341471431699262,-0.9131433146253295,1.074932440943418,0.4233419486085754,0.9982925850835328,2.0807659040391893,1.4329489333581678,-0.12343197472758849,-0.679440922931713
1.2815031978093299,0.07746998869838606,0.8913471846174151,2.4738295605998566,-0.25295169922576405,-0.3940633406274806,1.5133362783557256,-1.5958041893424317,1.5769486008000766,0.6983208157562021
0.7042790760050432,0.727898417799746,0.12385120427831783,0.8299034242262826,0.48178370786128394,1.4328084591606922,-0.6958614201447756,1.1477184091694148,-0.19428723836601747,1.182352844091784
-0.2531779757601314,0.6623064182645251,-1.5116618729393365,-0.22500248368231046,-1.3162700410740993,2.349601889389082,-0.8082184087866364,2.4264623413868254,0.7257535022226863,0.6186301201097418
1.0537280984678283,0.9848522951086816,1.594107396214397,2.4911659201148653,-1.0642215103355075,-0.3631473860007295,0.9952112224773986,-1.6520962961881605,1.1383897673500467,1.0160935216469669
-2.7372162764459227,0.9270521330491681,-3.2040016555613837,-1.4508553009409018,1.0452510148730776,-0.6127164805175564,0.3497695206060582,2.366160831554632,2.4110175522245916,-1.7381116395453866
2.8460600389454007,-1.6896542313379426,2.182389327983895,1.7492787882052188,0.9373272918208769,1.2050372718940283,-0.9783222075919432,-2.5815314412398553,-0.6899462026829593,0.4730509282332128
-0.2762958156040494,1.951550602085757,0.2910543789904607,1.269614160978091,0.5108629891483177,1.1438905806617141,2.444582752582506,0.08042096682129218,1.7968066209417084,0.17252678292308982
-2.269024110565735,0.966805730895526,-0.6407831568701768,-2.136912222608313,0.2954272865648849,1.106180293270258,0.6634477291515111,-0.2557412309155209,1.2603534240805105,1.4695825373608864
0.9233215006602584,-2.1457288638869088,-1.5251970670408623,-1.0149896437783803,0.5822444775637607,0.9198485474908611,-0.0659746208908102,1.9995628580049583,-1.5871935640328632,-1.7443307192782576
2.118316469800874,-1.3108852141436151,2.6919109424767993,0.13736903216075524,-0.5974233651432281,1.7557421591084261,1.077901739453325,-2.364481247579457,-2.2093861049039223,-1.7021343999747018
-1.9856345709732681,0.718664178256152,0.2666150474920807,-0.18295022824641394,-0.7422480135662024,-2.5823078173124663,-0.503504161887299,-2.8938764735765927,2.6352052979579588,-0.22064275011577214
1.1794821771440906,0.5724562878416253,3.0140955338545017,-0.15829824060324182,-0.8912185001067509,2.8320837153103993,-0.06184008396068339,-1.76476860037309,-1.9417313412555215,-0.36010595263818695
1.1265605039768283,-0.16928203312449952,0.5252040924735298,0.9505476533364837,0.3313416467793406,1.8936632683897563,0.5334008512375619,-0.5207062213598908,0.5890409812000773,1.1468791992518994
1.851554779499001,-1.600540316655296,0.2526019643021803,1.6049842906018659,-1.6376049174566718,-0.15876802375209187,0.1196002626671043,-1.022921770211368,0.38157644212033226,0.8209668843684006
-4.072927629762865,2.1137554959914855,-1.0507953339763982,-2.3713264032837227,0.7613055634094525,-0.778212104204731,-1.1459005899823282,-0.9478355743937814,2.960862534644115,-1.4281484954450976
1.1104117721496694,-0.5230929093274661,-0.29178760891546723,0.7784210923630707,-0.5022751745078862,1.825629104611067,-0.4927552111940789,0.4038319092441619,0.5300642824424622,0.923970458584404
-1.9345795856410628,0.9540908213228293,-2.4238486339637175,-1.064823618095401,-0.16966815878122207,0.3979432211921875,-0.8063626971363014,2.2085281086568105,1.7697726958491944,-0.17194793491127605
4.781243568341444,-2.4887778334119006,1.6053290929581643,3.7827642703793196,0.7404071223772372,0.6908314249744303,0.033900784125459965,-0.969282458288147,-1.245249375305338,-0.11994127362647256
-1.7048197240960965,0.565732981626123,-2.083633346048747,-1.564351097923371,0.48444660527893796,0.797938593133287,0.4616662947113632,2.1025703023267193,0.8857321194060791,-1.3013435268355793
1.806132916709625,-0.7869695944576671,0.11311289324602239,1.3709175361971546,-1.216325832795099,-0.1314112185933769,-0.2101669077919015,1.00966334200589,-1.251907016682973,0.2349778748162469
-0.6379954890491822,0.4880927044905534,2.8298237389780816,-2.2261462900373843,-1.0463548733703751,3.0990368399473103,0.029102708325022607,-3.3474898992550477,-0.8673380544058265,0.008828138267394708
3.09616208154367,-2.400425236130994,1.3330738182648487,2.147592081052614,-2.21004278929018,0.2888597961257323,1.1040706092820498,-2.098587363445419,-0.373775277653857,-1.0699601565925823
-1.4256969968310267,1.0698962537892855,-0.10355733142385411,-0.9754368761272466,0.0911882738437822,0.7755083095387456,-0.5619462476951015,-0.3684587271603381,1.0769045057264712,1.068959535275138
0.7941183934434264,-1.2261710972709545,-2.2091489318422672,0.4710934057365599,-0.5186079790302947,1.4615748751250026,-1.0780621499637142,2.021829610018825,1.1166636138934318,1.1535634286598602
-1.7499146015793252,0.5906169098866931,-1.5411999019741083,-1.7802130520502477,0.6052237010182553,1.2861725649175506,1.115433297381134,1.2523521094212275,0.9913341893771795,-0.20631480361932888
-1.4105635292837013,-3.4482740145033133,-2.482540427202561,-2.2544884321392984,0.5205530577324272,-1.939321919093189,0.6301487764278614,-1.9308288130700129,2.2100602199608583,-1.167534215312696
0.174057610908246,0.5152394088632137,-1.3311679611007798,0.5152946241300385,-0.18138540310928583,1.819284401392114,-0.49435433785671684,2.0606052783597155,0.9807361153489805,0.3382524875291783
4.480163757240368,-1.1341611575832364,0.9765196085391015,3.991908481578885,-0.629352099686685,0.3091711043151213,-0.7492156170889224,1.7337946182994153,-2.3162013625701308,-0.790012802081076
-1.965492840444395,0.3986135831361852,-1.6435992343191423,-2.6890797143572627,0.3450753769458505,1.9583968028116492,1.286503119071931,1.5939532436013002,0.3370595508336891,0.23882938618641383
0.6652504034368705,-2.693671957476792,-0.3905586550227613,0.29276472974346557,0.38124426647807275,-1.3307507560677259,-0.13592728985576719,-2.6592769955242246,1.565605668893139,-0.6528084841698033
3.742134809739221,-0.5895211442742774,2.7027525008113975,3.046996877158595,0.8280660763723794,2.2509131885460416,-0.2621451438679057,-1.4191419516394588,-1.1567231705153957,0.6569471123242788
1.77323869538536,-1.4735815634644456,-1.2671424085358083,1.639895311381402,-0.4691490300258103,-0.05682641858252069,0.6446282463176967,1.4333238667242576,0.23710000449275115,-0.2922597619017695
-0.03019825000008622,-1.281771729100377,-3.4624846072370636,1.0757789195956424,-0.5531921834348867,0.028699091467913607,0.7036416157931751,1.4998531723906432,3.7169641860278353,-1.354018358498404
1.6438003737099838,-0.6705904869292503,0.9681924749255681,0.6661975426524003,1.2030478522059247,0.9948286737818753,0.7754237330893744,-0.015100411134185254,-1.487646981483183,0.340654136412141
1.0358498625084374,-2.1498536332564138,1.2590730687845937,-0.7072358710849969,0.8074618356124449,0.8550672555831234,-0.10648788318054717,-2.7716748859365277,-0.6188060619343692,1.4555808184893537
0.32384185583265934,-2.308914513299011,-3.4484212460120753,0.35938978775913144,1.199638079185914,-0.8709034146812078,-0.21865441149590414,1.9389412877035586,1.8312847278434332,-0.5121457323481332
0.806361128471471,-1.630715962264473,-1.4800109444963325,-0.2530747897214418,-2.1643098678478396,1.1594514110503427,-0.3285994380915563,1.321718018586111,-0.04887448626731827,0.4333886157338947
2.199206124633702,-1.7973698609793374,-0.9504189650189124,1.4416677473767177,-1.185860547130203,-0.07531865306266239,-2.3219564173418106,1.7277072774550852,-0.9772471888591026,-0.3938018684435067
1.1291679336948752,-1.118516581356457,-1.9989584298777974,1.5523286325290244,0.7151624007606846,0.5264959872388206,0.8521788848080184,1.5037123040416185,1.7519351573808284,-0.2773160565659805
0.390366161653659,-0.19782990552350455,0.07031168829125523,1.7596816323610076,0.5957022501755148,-0.3679321381440551,1.32596997047509,-2.031877182712643,2.895961623399722,-0.24624212194871742
1.497584629965515,-0.8484960086756655,-0.587029469001715,1.1472133742028363,1.1083376866371504,1.3109405691778053,0.5967827796749764,0.9450540398957605,0.21961245476901137,-0.42093888569228466
1.2976844567645645,-1.3669362114886219,-1.713340443967912,0.6105323290834137,-0.6095678288359828,1.2912864495318306,-1.0133158355977259,2.1215400928860126,0.09382454791921924,-0.8174008969073498
0.05700181739778873,-1.0701178356615673,-2.935786482601835,0.16873658532918945,-1.6247979901029892,1.4039872537244673,-1.2090343969891855,2.0683464790950854,2.2248815080274844,0.7803428116164461
2.889947664022976,-1.8089552393912034,-0.565195481609226,2.279592774217103,-1.001062213384433,-1.6193986455660077,-0.28368469367815263,2.27744943782475,-2.241749482069459,-0.828397454793649
-2.414338313450315,-0.7998453206825422,-2.1551056867985214,-1.2115407110483938,-0.8592331420964212,-1.864535876084774,-0.20612450725264117,-1.6701339597990026,3.843957989773993,0.07975652689921599
4.329684388734576,-0.2603360494271265,2.9010617264092042,3.7731986169799194,-0.36741058679481536,2.0250780739230025,-0.20372712804159823,-0.5824837797893603,-1.8996297973341587,0.5533635687726226
1.3332001264885898,-0.5358604332874213,-0.6585304080676402,1.5911879853836428,-0.9494243267257639,1.4086114094599733,1.4347349796643438,0.49985273797247665,1.3362328759372348,0.759546469578043
0.3070711214559991,-1.2788710431647798,0.02064669779445754,0.29041616707451046,-0.9113353030920965,-2.0335027856860943,-1.218715328674876,-1.2447151540724986,0.08406557003441117,-0.1741506097492205
3.6945729392836246,-0.3071599743034228,2.8884813270471232,3.188949824725554,-2.7222777409231447,2.573964658020714,0.9425452284534718,-1.6701612517468938,-0.8147975062727966,-1.253295627303265
0.5971336102539017,-1.298452394202306,-2.862813084420789,0.8603170908657506,0.02128043710406337,0.7084245473440097,0.8867323595545424,2.1711695154564623,1.9916638305515977,0.2214916232783944
-0.3272820689246726,-1.7726195590568703,-4.781927555318531,0.5685714533933655,-1.8847863590162737,-0.01255663703523413,0.229314128434647,2.755871631609066,3.8533332888850302,-0.8361069958796004
0.8533165853893149,-3.041236731997019,-1.6662742113013334,-0.13552281158451818,1.6198246049826486,-0.8646977161924243,0.5631354551682595,-0.2595286729632589,0.5882328755295136,-0.16322642823090652
0.410103763511627,-0.565953812220261,-2.0122609388686667,1.3167569602679254,-1.6547282764099975,1.125170222676977,0.5387981587692622,0.7892415128168807,3.0366949635805214,-0.31254273710016456
1.3475448537634296,-0.7977047722684463,-0.13321185740587177,1.215068008606009,0.12536531576516902,0.8968604855384444,1.1613987874314062,-0.029109061661693802,0.5439034626479939,-0.7072933806359618
2.1065033611683757,-1.4787875548243887,0.7531566350775891,1.7858779256901323,-0.061101913751366144,0.028378919530915647,-0.5520580017774018,-1.3046512462537492,0.09771122987061054,-1.5807508173094416
0.9118652221344543,-0.11703873244518248,-0.06660256130790265,1.1780476825518573,0.7641052963280948,-0.3185315157242372,-0.5013692716678184,0.6131305537659346,-0.15508834269079486,1.2902611290460646
0.5955551775548815,-2.5719082717836534,-1.160625876466532,-0.33082840606947017,-0.7703829387161236,-1.862406777118549,-1.230138243758088,-0.1315990560012963,-0.43256683079607683,2.2042289692956403
3.2386302982985002,-0.15759262548912933,1.437019344429304,3.441428692617649,-1.6722497745673186,1.9453930897948166,-0.00275024103418294,-0.29966184514126737,0.11444492920534,0.8965886542360184
-1.9520572196488124,-1.2706069804947826,-0.3533933098638252,-1.530010301439416,1.5094576934076902,-2.606676658555915,-0.24032823743301487,-3.5181611404609843,2.247093983495301,0.6181091025405885
-3.340897622131086,0.7597008820383431,-2.0375404858303208,-3.0422818431847447,-0.24015281230749122,-0.41941605344814237,2.5546863259021158,0.8948135007056646,1.255466836811903,-0.2960461003212362
-2.3112428303796926,0.7692861400116451,-3.0184344969838435,-1.3249936810642036,-0.5615879353732794,-0.9464363742101796,1.9898550733375573,2.834467887976368,1.4212537033592494,1.4644543122672997
-0.8676380021719587,-0.6438059146416346,-3.2375473336097396,0.15203281837571292,-1.213941706157383,1.412687349146581,1.9391925690994662,0.9636401488340659,4.309668023207918,-0.044743180762598096
0.42769473372879857,0.05017694561521702,0.3543552926421657,0.505985400389158,0.5736870300025537,0.8200125536202167,-1.5215968426326696,-0.5030730085332817,0.5007937129357432,1.2411473438787268
1.0116215713157322,1.9322376419823986,1.6480121772736838,1.1061531569564742,0.05178385119895345,2.790646794454096,0.5767938239138171,0.735728406831369,-0.9007651281148297,1.7467389375083464
1.3806891329614412,-0.6347987586398572,1.6944596518459893,1.3396747015459787,0.3397238593747572,1.7724215578465672,0.28200262501685586,-3.2334746964680487,1.5863931268355151,0.2829461845074849
1.3719752191367132,-1.2028542341714474,1.542709275348216,0.3460952156977287,-1.2646864317560582,1.3981150198118066,1.529296550839533,-2.3957703866757205,-0.15153999202807167,-1.0698953290805033
3.270215332985004,-0.8400225817357881,0.5494702915386861,3.03074659584863,0.8986484586849005,0.4957343599870999,0.559577061510467,1.2123160653458362,-1.231815509702812,-0.7067297635192396
3.8942059945684453,-1.3879538238921003,1.6368416061315332,3.3096913828022836,0.47369313673222746,-0.9133931824956396,0.5230790040023944,0.19414748936698767,-2.5099057554785618,0.9525983946489063
2.27662137904008,-1.8482646775026792,0.9786396328464593,1.3674022587286383,-0.7345580968654715,-0.2202744364217757,1.013455821741101,-1.1821582160068635,-0.973238661734619,0.12652320501805506
0.7767406803602082,-2.811681799686249,-1.6272923656289846,0.09853884913860878,-1.4760670917717218,-0.8270704592202155,-0.38040725741084613,-0.4634460846467442,1.056002085946113,1.197186484622428
0.15805630095641557,-0.6314499554965008,1.3478702963623375,-1.0130051789875396,-0.8332949582424903,0.8372523044974707,-0.6382769656971474,-1.830637555342958,-0.9130895425928987,-1.4180599219689365
2.898040947599261,-1.9222926610148683,1.0979719614565424,2.2647587854308635,0.07950473236769863,-0.5164704467014529,0.06535059609776402,-1.1379448085548,-0.8923111435662772,-0.505016850367336
1.8767619399511295,-0.755833158069783,1.0337658610988099,1.284445906952588,-1.4263789222814078,0.7928525678495889,0.7813622223625104,-0.541207337949233,-0.7861350347535516,0.01804164863409918
1.8552497232502532,1.1722952175689199,1.6930710914398555,3.3488855182890584,-2.057966753396755,-0.20507260109616587,0.3562167098144623,-0.7307175857116679,0.5312452195490713,2.501645035135113
0.12030420343051332,-1.4549983380812652,-3.8360004944479753,0.4679774391727667,-0.8145947931704389,0.894032266135043,-0.5462590381260406,2.744682171663672,2.696484545534667,-0.8934932338876084
-0.47341885532682065,0.44421050214241686,-1.3085770420632425,-0.2522156747430625,1.5351487200075487,0.773731860108902,-0.65695517639841,1.8216803810078086,0.49278733339650593,0.2871333541229858
-2.723237090642841,1.8111721991956924,-1.7131178455689156,-1.0263232400258748,-0.9788142460811394,-0.4002822521524607,-0.08804446917604382,0.8882204156078072,2.531125400696669,0.21802509213256502
2.151097292866492,-0.8747168448568614,0.611394579065509,2.2427988862096586,-0.20429533330183686,0.5774206341552462,0.8039193308807202,-0.7359671863003543,0.5005334871660596,-0.791709350567595
0.9879831594221091,-1.7678955479033416,0.8031867190207636,-0.27586614186123315,1.5991566845286143,1.2903352874925909,1.2010147611718904,-2.2666665809665116,0.18021757663607985,-0.5540552934127837
-0.999933831219172,1.3865596131709987,-0.420725495272875,0.4767913580518983,-0.031512324423022965,-1.0177511639204346,0.2747419027463454,0.43340169380695814,1.191654552335053,-0.6190727365172086
1.1063451989815651,-1.8099554603783612,-2.4792231560197044,1.261850180563862,1.6411595390915734,-0.4361739145358019,1.1294735893439463,1.7784730678017313,1.3337366314746668,0.5418420893363174
2.120061520779662,0.17612552709255924,0.8822635479489316,2.0526321838939445,-0.39814201058847004,0.9428272270649667,-0.6119221214117702,0.8960420352975798,-1.0752495240814075,2.441504342169468
1.55581325794617,-1.728581660915987,-0.07389494377151311,1.1177728202558643,-0.407381367381811,-0.25711586750492976,1.4713935483488034,-0.7136915085249491,0.2017827174342739,-0.3616325236171589
-0.31590757884051834,1.998623197309847,-0.0643970855835039,1.8486884696719224,1.8276809829496963,-0.15169297625389633,0.9179676706663622,0.3275133924076187,2.0996947603574734,-1.7204456102367125
0.8907565737564516,-0.36682510284609693,-1.0047639591979514,0.44356871182420954,0.6918811448550872,2.6807403063067055,1.3349032478434442,1.4475602427212269,0.6897169592227281,-1.201303349767834
-1.677661260206377,2.2354887419884713,0.12254725637696891,-0.39071879176955304,-0.9169275453299295,1.045047937250605,0.326624217565134,-0.18591261011828997,1.7077629170850366,-0.3990988538209255
2.1647097719579804,0.2939537900625735,1.64997077166154,2.9027583255838785,1.1817613956614945,-0.6039799666593062,-0.2781192303112381,-0.6675121143887965,-0.44419195041201753,-0.44309487395607067
0.4216729021543697,0.895504104399598,0.7678861673143322,0.4411288446918349,1.1418532448109715,1.7560963011530841,-0.7922983922041061,0.11634559022777835,-0.07973698732444223,1.205956017904542
0.5376657903311505,0.30575888893699577,-0.7787674232672209,0.664789774215929,-0.6873843120907001,3.4144708639172254,0.850647667782251,0.7699267000705525,1.8895665413889997,-0.7580853266871995
1.5111147814985362,-1.2605485939927943,0.7440089108646937,1.1443645307673225,1.3907324875915426,0.15357921969997712,0.12391742634264473,-1.5055708126983798,0.20454432061935757,0.1848678838526347
-0.5292152640821998,0.4974112795857557,-2.0298357169364216,0.28574768541589735,0.8947235146471376,-0.4375529023859148,0.901623376059364,2.6703824682678983,0.7213488903613905,-0.45310586798071245
-1.745327927769202,1.1646759268086455,-1.5522982674270212,-0.9025718816177228,0.024857503751269192,0.5124347397442373,-0.30045486881775135,1.3705606754146624,1.5403392785681898,-0.7578561960058761
-2.1645276672058182,1.5016044800426331,-1.5675278118346252,-0.36770486264385405,1.366154628273648,-1.6927085316181176,-0.5191573227936902,1.0771289057285025,1.8425638958619646,-0.8021545915096441
0.9031199872439761,-1.157717143400268,0.11911694973898147,1.183429104344033,-0.4924903908336654,-1.2768395376550705,-0.38479553417306533,-1.3132775132276957,0.7484164523463422,-0.9205828940058789
2.849841812030427,-0.516054058761648,3.6242103896983218,0.8973105663172045,0.13227279049742133,3.1021951340993232,-0.5925095652129303,-2.208090934453694,-2.6279740587460996,-1.5443773533483862
1.2150815565429494,-0.1948715948563149,0.7233755981096764,0.5725787797159458,-0.4262685566764252,0.8660517399966385,0.40191895517392284,0.375034441055653,-1.2634489763788317,0.8168679695322622
1.1143920519711823,-2.1843958345801777,0.28410812503656574,0.02329377259987009,-0.001736523275695409,-0.20898777096814136,-0.2278879815506622,-1.6797226347466452,-0.1699654152283192,0.11955692459848473
0.03640063809570149,-0.47004933793691595,-1.4373073204851297,-0.7761619665393387,0.702881798595122,1.2795276712219432,1.0357246425830324,2.210506446359588,-0.541470702090459,1.7320492913680818
0.28931876409515234,-0.8466701357740053,-0.48393705116308133,-0.5410306921269625,-1.4689234636701936,1.8713862769887752,-0.4244487031424813,-0.05136550618245983,0.4718257289669241,-3.324755719911096
0.10823260368515926,1.1125231827378896,1.7026103919087747,1.3956668311093532,1.6739015887420603,-1.968136994226149,-0.9851944027873477,-1.6841104943590182,0.09400043019544513,1.1833238104431567
0.20862739518825282,-0.7470959564633738,-1.5983039072306156,-0.33129521335511414,0.13784450488078345,2.380046150113944,-0.7027280159126388,1.2238223298843598,1.187493936252081,1.533854941032175
0.9631399459133473,-1.9605434710552212,0.30536346802374953,-0.6849744143010323,2.6450367904151584,-0.8883658202054032,-0.8974915631672096,-0.28554274734353524,-2.197959676682082,-1.4040012963810977
2.120789361245776,1.869381247438251,4.2752615783117,3.8417715637532264,-0.2029174630104449,-1.536016609396861,0.22035182927354544,-3.137475297615907,-0.6186887406089323,0.08507903197998995
-2.166799955361321,0.7339047135208941,-2.040087689662406,-2.3514799924608654,1.439445715153136,1.6637108394998321,-0.4595489411617563,1.9708749793995848,0.9084556246648117,0.7450305629127995
2.495485460459878,-1.4453502193860333,0.9896113871278427,1.8121996784562648,-1.0985508408063949,-0.3052250035238693,0.09831019223810258,-0.4951277080860885,-1.2837187996230823,0.9266055080444071
2.2202432433651467,-2.326347644069396,-0.09752587124029491,0.9192373696987324,-0.7250967209741775,0.18155796740928443,0.20001485117174814,0.04648546264358688,-1.0567008106760707,1.8627464923572625
-0.04679791063172804,-2.4947912413873867,-1.7575988100075775,-0.3905001938638262,-1.271420777125136,-0.5808741086278342,-0.09839298275123809,-1.1674703684920396,2.129404787371638,-0.32055958252618555
0.07295486551105018,-1.1846929464626113,-0.7515659623817844,0.33998322538885006,0.2502953101830424,-0.9434841111416522,0.8091160682419203,-0.9608431135699748,1.4359242923760247,0.8403191275848486
-2.9994709222724225,0.7749749208920105,-1.0791229159560847,-3.25652658028104,-1.137687456550734,1.3239790474192805,1.2126082374204565,-0.1943312231665164,1.264240183366982,0.6526464071770783
1.6003175494750868,-2.386967643833258,-1.4940495469265858,0.7682690922333928,-1.416433628196194,-1.0301166489952744,0.6531931105803095,1.3683553146629532,-0.6795553826388818,-0.23391503064445315
-0.9710727804491367,0.5548477689333404,-0.9011934547906414,-1.624960621649926,0.16057734961564119,2.885611380028288,0.053307420598760376,1.2412729939703322,0.4070722021320583,-0.31242179149504906
-1.9009060803401412,2.4932578566732664,0.04344548021652447,0.1396047258500852,-0.23212931854845434,0.33470664119863136,1.1646149903103564,-0.6584875260637806,2.6596902716069155,1.2548119434691696
1.7477702020370918,-1.6928557851873534,-1.4813903580703245,1.2881134403845569,0.6990136200130055,0.05612752853491221,0.6354460283143578,1.7933780521871179,-0.13010212305278923,0.5660859827442142
1.035808224495879,-0.399143858760443,-0.16960907281367682,1.4944514007686995,-1.0842100797798124,-0.26973032700935506,2.1167468214796505,0.05516481190978806,0.6333182920577639,1.4182387829062901
0.8951567075429266,-0.11034258938067343,0.2734893884400938,1.7774982770411663,-0.13415564209226424,-0.9233111380680981,0.4121091610202864,-0.6451714938463218,0.8806721088064413,-0.0946237926492889
0.31112386677895476,-0.4934939164241121,-0.8199893799484929,-1.1522991254308035,1.6221931015494289,2.143060702440202,1.9511420482977946,2.073606465677991,-1.4033695964124462,0.07714478588312636
-2.134084458568856,0.6688204897703549,-0.6103423896118193,-2.5315276259906936,1.2102435005068763,1.1253094965979962,-0.2690165464148226,0.0797444588308055,0.40638235135739664,0.06992926714063982
1.5575850374369415,0.14622375113533503,0.4460891085617193,2.3334786765821325,-1.109952837036249,-0.43081755176660397,1.1470613778404302,0.23995027713639616,0.17425419518717866,0.8010809637881857
-3.8049686828655984,1.8260179097058438,-2.174725438476275,-1.9840664169106406,-0.07436859881871455,-1.4955788381445925,-1.733826354483668,0.7837106700465784,2.65197193351511,0.34438421737853486
-0.03878725715475174,0.7632273615515663,2.254297826161323,-1.0008630561806817,0.6148413973029732,2.5787683833030894,1.7786551265382484,-1.9468687468475752,-0.8202814286018387,0.43374922088634593
-1.9305691492802266,2.2597495272353783,0.9489096452118515,0.1199383740151907,1.4432895536319423,-2.0469513425518318,-2.206418848383733,-1.6085103508607217,1.424980695161673,-0.27269458215246056
-3.3383405692427606,2.049305191751731,-1.2126471132830217,-1.6347636552903029,0.09682817740951716,-0.3925027780356196,-0.5038467528248772,-0.17036782263129435,2.77219720623303,1.0045929091264905
-2.8451684511376882,1.9428403260757503,-0.6419763550435623,-1.7352448083551981,-0.870256223517225,0.42432544180573406,0.21911060003441002,-0.2185569691565925,1.9562803638747137,-0.5458425859710774
2.1779833236056687,-0.0409778019204865,2.266229968502336,1.248387131720382,0.286194759048022,1.5956206394938186,-2.498493587871451,-0.7023042668338524,-1.9565735151102404,-0.1358547163882445
0.35444173460425304,-1.2692610853175306,0.764361828973803,0.4760566023241922,-0.2323044937361695,-1.8603811104950059,0.02925147970187543,-2.696947976385398,0.6595705958656037,0.5968621810742627
-3.447785416680385,0.49785847457148413,-2.702087738645784,-3.5603219208139403,-2.185296847334906,0.25496522867664295,1.1438367264203908,1.7135936572074817,1.1467852185338898,-0.6302864440651417
1.0645538874463498,-0.4787270988396629,1.9415733664319987,-0.5529275634120383,0.7917964128034704,2.2059221702599174,0.785812009296809,-1.4340919479988692,-1.6561795626318812,0.759178502705261
2.6547712920362647,-0.6313485952935174,1.2065876773585298,2.591346637756212,-0.47386487015952894,0.1394371027774134,-0.3657996727935024,-0.2654396100729338,-0.8004519754826218,0.4508913752125149
3.6661137055541886,-3.2989235644413273,1.5250627490516273,1.3489425993428774,-0.5930721344322304,-0.461912858975966,0.3147063075544688,-1.0717706734335006,-3.146026919927011,0.3778292212221578
0.5996112905789757,-1.142446691925855,1.9460152091721594,-1.1702645606534254,-0.5895673839924012,1.7720237995288755,-0.23433491104206355,-2.806010744393065,-0.9975904252377046,0.13164456691928453
1.417134086893839,-1.26753600583025,-1.138527848315975,0.9937797913561625,1.354019142371523,0.8554578642235968,0.6888909324916298,1.2751025910307685,0.26040742057334376,0.3752169571571625
-0.71072744382452,0.37075437631826846,-1.55869438386246,-0.5984181379602183,-0.5951034386477235,0.6232956822404039,-0.2828867205196255,2.0687802618119284,0.35529386549194475,-1.3889081710291074
-2.075715197347736,1.7986517354654814,0.08943184775371067,-1.2528361216001929,1.0877398432337475,0.7368877591890082,0.4435017205845248,-0.5560002096974865,1.3450224356177845,1.2823634741156038
-2.0966939590182867,1.014884670793537,-0.6258088353121234,-2.0338431426496033,-0.06466752999039241,1.123557848381717,-0.5555693479479282,0.10131943652323405,0.9161474763111066,1.2338172320892937
2.031961227714826,0.24823208129176777,2.118437918100204,1.0846736926767817,-0.7563234246285745,1.923895698633943,0.17255019180419026,-0.17657185893656868,-2.1026189679493967,-1.1493716102158729
0.7988315056306017,-1.1350857424947443,-0.46690969991916703,-0.4019303268916692,0.5582916747557968,1.6422557192316938,-0.16037100058244824,0.5986346011545234,-0.5049579838784533,1.171120631033927
-1.5898941764607555,2.6297485394692712,1.2442259749695475,-0.3443195738114384,-0.8533033068263332,1.3346415569828758,0.08528423349335175,-1.24990399480191,1.4389319674764927,-0.6421946525342711
1.5310055769681774,0.017994462017093316,1.2726879824274475,1.246067154122626,1.336920437564713,1.5002320465961017,1.1825657270608712,-0.611031673346262,-0.37702720781614063,-1.563089498160414
2.2581752450291392,-0.5717094065161992,1.3762447565542666,2.464702023928803,-0.6099007628719222,-0.0031013275372898663,1.5753894740561654,-1.2228797590575855,-0.04065248887544404,-0.715063220637426
0.8392356499859546,-2.76066645402345,-1.3547297249673658,-0.33295278330257405,-0.5411253725348428,-1.7581012305631432,1.0668700883760402,0.42849636685575665,-0.8634984051092727,0.3980280299618697
2.1540210097110557,-2.8467700882288876,-0.45007633836480676,1.077295023274883,-0.3507104446234962,-1.098344972037257,1.0499941674505682,-0.23121179740219444,-0.7794520602924602,1.8065162106620096
-2.1365481827931005,1.4602744078604892,-2.2487218024435305,-0.7365920148782447,-1.1748413083829365,-0.27156872264812315,1.4258947496245888,2.146298783626273,1.90807739022588,1.2237103406692909
-3.8184135244916053,1.6068477092865567,-1.1340429921805792,-2.747536470104635,1.4961022334255598,-0.11234861345005398,-0.4759886023863676,-0.8239638018013793,2.570817976060232,-0.33849396429229733
-0.27748616725306113,0.3348592416701144,-0.8277076451440015,-1.3434540620497633,-0.21339221860714852,3.732812307235414,0.6546766174823133,1.7226026369274374,-0.061586584248523035,0.7322345071326534
-0.42047089492793355,-0.565112018429927,-2.510658738689888,-0.41032178991342927,-0.30149736352087375,2.5819553293370685,0.24917867171389732,1.4535277021926207,2.5993703340948224,-1.5531320533688295
2.001065886624847,-1.926226879236844,-1.478648763063157,1.908663926932384,-0.8074354014696146,-0.8084309430813434,-0.14900519936386536,1.4274819404527037,0.21024288509664957,1.1129056673809317
0.668841060298341,0.6097807704082967,0.5626913239425182,1.6581335094466456,-0.4678221828322661,-1.2822634876170032,-0.8047245724183811,0.009738994956323577,0.005995706089148345,0.48500129152322796
-1.0509700442150218,0.9480788594526928,0.9692337653779673,-1.3606303404344202,-0.10137825626420019,2.391294713293556,-0.4927727282429369,-1.5021502910341118,0.7231024865386422,-0.8135303493662359
1.1131459929329073,-0.6310371192573452,-1.0332737594760828,1.9223163120718678,0.41739513073391704,0.16570186834523604,0.5586509150138106,0.3876168041186925,1.8682954950069675,0.16703700072635513
-0.8332103183888893,1.9221983351126564,1.2125757202254095,0.286800457554764,-0.8403915362054409,0.85404869819829,0.6764418164947713,-1.3261390741923238,1.2653077859714283,-0.35870377304891893
0.9365923978400581,-0.47630890319234853,-0.5273329972999797,1.3495654001884971,2.684674238064074,1.141742937469135,-1.2332688262968767,-0.16095429453879162,1.725886330346655,-0.3511962018037654
3.237950814399441,-1.5190832485671641,0.7443855627778487,2.715621289606568,-1.0149348063096417,-0.5129066852675765,-0.7611863848144755,0.42591037549587174,-1.5754461642579378,1.0518950572656043
1.580902818234967,-0.4292801471581852,-0.2987603353265463,2.0091734493809517,0.14941947350919707,-0.5291089453426769,-0.2883922003002994,0.9709041491548249,-0.030431842942197807,0.6795756851606412
1.4644600553917317,-0.2818199426080277,0.27645647637053894,1.9238649884853636,0.8291298273361137,1.0847686680068178,-0.02733193410609337,-0.5842756561834221,1.288067478019603,-0.26170506767822693
-0.496717447140992,-0.05034463000593248,0.0757119209504762,-0.7309881587350489,-0.40863591253667014,0.38693099543906007,0.4788187482130753,-0.5751137125465925,0.22380877972180846,-1.4091069277559771
1.441466643979954,1.0874459548324502,1.151687432799837,3.1883116991232625,0.22080850788809117,0.25487402610161225,-1.0102224021118547,-1.0474384837305155,1.7827452952222393,0.709784290583688
1.9278018305873903,-0.6201342988376858,1.0519436983016255,2.1198367975125283,2.120568120430501,1.007071881262921,0.5794189828989691,-1.5643579660641413,0.951571982026614,0.8525958032951026
3.997036166716799,-1.3595257192579187,0.8554901653440063,3.2530179730224082,0.023895096986299567,0.5273738563043325,-0.2641710099153342,1.2692686891908007,-2.0655493521543153,-0.302961376874301
2.8100316598864734,-0.9785392454797803,2.184249578166703,1.571085195184906,1.0544121122194114,1.595308754607404,-0.09530972104935061,-1.2025487053702484,-1.7561879108720744,0.7601183762563611
-0.32922510356145923,-2.4413768983752804,-2.120633038873757,-0.6011464726377442,-1.6815770997674404,-1.7559647689588842,0.11959867821744911,-0.36689846883165556,1.4341411792935939,-1.1582859963660044
-0.5248172420179835,-0.21165997635337508,-2.0756183739796024,-1.0100099486635166,1.507633558913684,0.9130575480640687,-0.6921522120768903,2.8040810413430446,-0.18465765325802064,-0.08560808947124605
0.7670750811626307,1.0799659232916659,0.05891146485201592,2.1018792413746867,1.8438986920019504,-0.5578450355482787,-1.2352804947662746,1.0049741158136074,0.46690902206353546,1.6845797460168992
1.8604821367013622,-0.9553160051910126,2.3501261866834366,0.583869874221038,0.2214776976759162,1.9269709094189302,-1.368268938725629,-2.5629323721203043,-0.8715890218243681,-0.060917832770783234
-0.9720657926578753,-1.6217495631979677,-2.4863351543433168,-3.6034512062600688,-0.37366207826417025,2.7275836323691385,-0.5072714105938122,2.800982110381401,-1.3784734299896728,0.3443557692879563
4.876239795862378,0.7761273827903905,3.929600598039056,4.443384505490997,-1.5081878543539282,2.9366711564424213,-1.1569784751422918,-0.27831173968666423,-2.636280418836342,-0.6927548576980426
0.30231560027369925,-1.1997291602347855,-2.3689471100961192,0.09916502019730766,-0.12011364321136973,1.5105882473910697,-0.18242099715241705,1.589974899668703,1.722917099894918,1.192496559031471
0.4090094998312331,-1.2230618295142421,-2.5121659103487257,0.2608240628839331,0.2886539308074841,1.4333005639186602,0.07477626792196859,1.8481308353372383,1.7118467926325651,0.9960086593886697
2.6244433232708744,-1.5948223346398824,-1.1603468089826392,3.03459455059253,-1.4622247396898422,-1.0655162149714559,-1.1722604528915002,1.558240627151414,0.28053125619500285,0.6950206950882235
2.1973035742350717,-0.6285207611007466,0.726149344046074,1.8975309523792945,1.7026964883479363,0.9142874922497518,-0.07474416815016639,0.05892787400255228,-0.5199205730564136,-0.49938429859137107
0.6936586673208441,-2.679239894913021,-1.4584075408861004,-0.30513843472611346,1.621226879726228,-1.4917425018923482,-0.6544018951685149,0.21130919295306594,-0.2947374387116821,0.297083451490835
2.8429724593137453,-0.5359422133969274,0.0765263266855233,3.0264068061348395,1.8272615049570138,-0.6112005975918371,-1.6553688814058016,1.9452024635303324,-1.3574001495058465,-0.9954036030247475
-0.813504766718568,0.31544858266509646,-1.1578564988886793,-1.192479252251428,0.7289091555627822,1.6835130213487306,-1.0372657409627284,1.4802578455534554,0.29407459686673865,-0.7658600900863026
-1.0150891995042475,1.0768693737912676,-0.7433518646122754,-0.4150804661723373,0.6084420694741921,0.6434698153991671,0.7143189358736531,0.9816901001606986,0.8537692571624571,-1.1860692313994132
-2.040348917788803,-0.9707772032596526,-0.6531708817297919,-0.9207301766837286,-0.21903181435247787,-2.2859006301228995,1.1936448655732277,-3.7630039350473448,3.651209804072363,1.1511294059581902
-0.5269347890005817,1.9811283700021984,1.912414685397385,-0.08166973265565824,0.0005000650336295328,2.5028734590535553,0.19630441692435538,-1.714859053462714,0.8270560570551801,-0.7730834555704812
2.4991980321584464,-1.4458710577763283,1.8632534122558764,1.1128273300014082,-0.36391939348963653,0.7575700448958437,-0.2766358691614466,-1.3167699279589993,-1.8839664637317877,0.6494973648592396
0.22115732846840602,-0.0388029167579409,-0.10248278618972782,0.059272575376084546,-0.6053929239275391,0.11390474797110373,1.1384155206557094,0.5386917328390675,-0.4167860075678014,1.9044335081747408
1.8869121123751629,0.8923075456525855,2.4372371970313065,1.0528037134560502,1.2083478175735634,2.7796976908344395,1.1414643179722508,-0.17294165183758936,-1.9640439219671506,0.3258408521479248
0.9278388123734947,-0.986766782250762,-1.4034628009204893,1.7323488806321186,-0.20648098517684707,-0.009657730851381219,0.5604813988049354,0.19502529843996863,2.308857833397119,0.15915894533210567
-1.8631026148724203,0.8394154183501311,-1.1824452655535331,-1.9387900864611254,1.970864270717799,2.0454224877996676,-0.019468699077097074,0.7501089747475832,1.2680342335820889,-1.27040874397943
-1.0446664792038145,0.13662658177812814,-0.8075776294536882,-1.887358465871316,-2.3702524800658122,1.7507149412546958,0.25216735047557565,0.9906082369011858,-0.20110490841133055,0.6731320206897123
1.2680414904385753,-1.8980777490350311,-1.5387784192653735,0.8925517088838009,0.76527643836476,-0.5352535447502047,-1.739065631104434,1.0952787658378158,0.26125220230085355,0.15111043728480744
0.21116903264720585,-0.9279547817500415,-2.331083398496746,-2.1376577284840286,-0.0001191485590934855,4.260327442672953,1.0833404379113156,4.069357515542169,-1.4338557344027412,0.8197283316910116
-0.09601701253291915,-0.9334646884564437,-2.4403744647711534,0.6425314513982344,0.21187867865182275,0.6977891114732175,-0.8955560935463348,0.6820925615367144,3.14999928815756,-0.1664691282352289
-0.3213448313025244,0.163336144992847,-1.8281931150479815,0.6541524231733744,-1.1838851760524995,2.4706966229696175,-0.7145470084708703,0.38971489082693966,3.731705708157477,-0.1418016249960874
-0.00010425200331309846,-1.810721102814978,-0.259169506718577,-0.052183122302213336,0.7702504479710663,-1.7141027618677205,0.6493646843375265,-2.2310784159394306,1.2126159086020134,1.017686412736359
-1.2800073613024436,-4.17279452269952,-2.603076268120334,-2.5996160964178423,0.2884111487160616,-2.4970690320249123,-0.5626920244402328,-2.003071652799921,1.642969675599078,-1.6255993666594513
-0.2465046748764508,-2.4874307566043665,-4.885228278180308,-0.4534625947799993,-1.9642925222356131,-0.09416817691164292,-0.4915611585980846,3.3823002149016714,2.2338782515176927,-0.5261623535474892
-1.0805736287426373,-0.9292895156992351,-0.396973084846591,-0.4725197689056828,1.3147798255965035,-1.9683642584046617,-0.5655112882176463,-2.3995918259955644,1.9941689734975272,-0.5493598549354416
1.7993735873133967,0.09041045625854505,1.504040027276322,0.6105559683824369,-1.1182741545652792,3.2890384243254527,0.7428594795772315,0.054568128375459435,-1.336360554695263,0.7540831702904721
-0.3696229290998325,1.0357229438156872,-1.6071703514586788,-0.020291721895721815,-2.2363290283141453,1.6038638650633734,0.41076218957588423,3.0080168123829774,0.3951575317185383,-0.7922089061846919
-2.0963981952559627,2.212199319109113,0.033178699183404485,-0.274887309579251,-2.1148662950169905,-0.2509603480715399,-0.20902109965135976,-0.8011485444237079,2.2676753962008322,-0.28616863668797066
0.6923245878075873,1.0287831765237385,2.100234428583647,2.228726714971594,-1.1079830420429075,-1.7636090700773344,-1.4019080677162379,-2.3393635948585993,0.6067920632767296,-1.249395203059528
1.8344601797235143,-1.2667167514411661,-0.759491638791373,1.1702750802109612,0.5054042734309971,0.9007760473816262,0.19584524701068554,1.460694044093069,-0.4862721648161388,-1.2046932828281127
0.4526310982361437,-2.200442844143999,-3.2903656793073752,-0.25371980758014634,-0.3016338835352606,0.16248402976534881,-1.5205413173698987,2.7237248278531814,0.6953876854273853,0.1295004510080991
-3.602778920445313,3.378124308280244,-0.9130994453254784,-0.028661645751559606,-1.7869457313398482,-1.9981932596976324,1.1573463117235667,-0.5859431368330454,4.1208382236223535,-1.0692868554188253
1.107137784225833,-0.264187211251665,-0.5324531464239933,1.775932581292773,-0.14507659570363216,-0.40064356661645517,-0.3279419202673591,0.7268213269349684,0.676862920389915,1.410213804814408
2.3615408676635106,-0.5750675235398073,0.835299317862615,1.7990671405089236,0.502714891773257,0.45433740161195624,-0.34829345358145714,0.7717651815698892,-1.6595091819783643,-1.3121824775277826
0.7133580546327695,-1.4966118550341228,0.22499623423554255,-0.28780562778889673,-1.692681615510937,0.29604009635985495,0.5597004724114222,-1.0562119652167086,-0.317577951193607,-0.8067463802094889
0.252252592899042,-0.9123960493647271,-2.5824679547862295,1.1995890065036252,0.17721878507168543,0.6185042240997586,-0.9120541021539065,1.0516657129929272,3.2449177526358404,0.5063669775262545
2.5795046359817513,0.20891406762305098,1.739795537193334,3.5835905774240913,-0.09298279158950111,-0.3802124761160194,-0.24587875575043375,-1.0362346046623199,0.18024320066443322,-1.3240868298658868
1.0217141761773125,-1.0841100603756775,1.8380807851963925,0.854408759680826,1.0548590692108868,-2.181253308247773,-0.18688583038065085,-2.7959340327382582,-0.7838073820047191,-0.49314485575414874
3.193002983301361,0.34374398271767626,1.113945742745155,3.6322428131802855,0.9200114600053964,0.31702800542116094,-0.3013631204401858,1.503779932307523,-1.3915883460653156,-1.6644767353332222
-2.578923859595858,1.242333739839606,-1.0845407357077266,-1.7880973164808207,0.27402735267208544,0.4463612718015665,0.15187760961393976,-0.06019545881508326,1.986117869557304,-0.29859673760962646
-1.4327685776140586,0.6325599757378673,-1.075193897335566,-1.2389567301475604,1.623263185486201,0.600040217934073,0.9173151613587754,0.8641459587173086,0.785738230193715,1.6884421557461318
1.344976726755653,-3.6985141227668414,-2.4646830868527063,-0.017264190420426928,-1.1354666958101698,-0.14027097931082133,0.4879054450741863,0.5942448528659343,0.719209251006063,1.2916352267604467
-1.535624494202937,0.9036548991064478,-1.8663976076804054,-1.344594938109858,-0.6810551606146789,2.0616712219445104,0.9958719766589276,1.9459274948745011,1.3954964383877941,0.08079162972197933
3.1156647015589267,-2.450369568069261,-0.07067371977320373,2.975171511352438,-1.8348080296345552,-1.204276569628477,-1.555970026317907,-0.4440306639424756,0.07148726461191401,0.5225619208753272
0.31471049781564264,-1.0518667385320943,1.0504262242394455,0.592447594350352,1.939988391476335,-1.3100618854954447,-0.7419834280919447,-3.2793143605477555,1.2149982370314505,-0.554337967313331
0.8807256895786422,-0.899103205797193,0.021196713124360524,1.337197887757271,1.1447596114522973,-0.8319246413382011,-0.9404602897857572,-1.1455623898421399,1.1046682385578315,0.19256023453262594
0.5358363274269092,-1.3605144849902069,-2.0673984107288934,0.31754988793616834,3.061946965406219,0.813727194371966,-1.1031827573082333,1.3668240939577152,1.285740743312943,-0.98026117629751
2.104992789652139,-0.3439837590793675,0.6093062208787724,1.5198282763845943,0.8465180917273377,2.015448663432898,0.4997664384960225,0.6582323588965643,-0.7124267413631558,1.3308671803671677
-1.3333538298463423,0.6524834000314761,-1.982946082438983,-0.7446426629182608,-1.8460482504440554,0.2013897759776968,0.9197033140843018,2.078586535558322,1.0738110623277095,0.25499675067459876
3.4112825658303527,0.38670231198657623,1.9805263427724837,4.179031285472517,1.37004366117099,0.3040467250482439,-1.6328778384903724,-0.11306833229235946,-0.670551269654964,0.03462473875924609
0.1807181249806636,-0.036568046982263014,-1.5738421838924725,0.8321905120033655,1.1646652085015716,2.3352653944501407,0.6707409459502034,0.6960396182554393,2.862188111457967,-1.235343817146005
-1.8983963280378249,1.679846586022058,-1.2320230063552629,-0.37046093313041717,-1.1788166402247968,-0.42177059518114124,1.346669723754866,1.0150878902890783,1.8152416007736636,1.308011915661778
1.9307193615760538,-1.4760355495859205,3.207523456297259,0.6823515651075718,-1.3854282681144907,2.690492671709086,0.7932854051651251,-5.291657477396356,0.7114716384828474,0.18729554982321833
1.7534528967278409,-0.700985348734432,0.45498415578331664,1.8234994070794976,-0.13414517626645758,-0.5273169277783942,0.40346891810791735,-0.05796613492061198,-0.4022415735702616,0.5573042937804867
0.9610715421264944,-2.2552246647524044,-2.9792884047265815,1.5149416610151971,-0.7328928857272259,-1.5863095998095877,-0.06957820892122617,1.4762373883625235,2.0251783114389648,-0.6561959548884432
2.9021273715802414,-0.5637024934156551,-0.035736916733695244,3.040336952558311,-1.8604479999243069,-0.15372951407647362,0.8642436147342264,2.0112234278895693,-1.1369317584361989,0.6583925119224902
-3.396024472189851,3.0293753263111265,0.07597805902744814,-0.7456404716666009,-1.1416718217393904,-0.926242457835164,-0.37670042990356545,-1.7099275292638363,3.4157900031896697,1.4014290022660747
-2.533698956667011,-0.12534322427763356,-0.6167506998556069,-3.801444830205985,-0.4652168666180802,0.8411922076664631,-0.28879530269948617,-0.406607807578778,-0.3315068576224598,1.3798386997400571
-1.1701187704867213,-0.1475849863065073,-2.023196859816495,-1.909758208804638,0.2767229725883162,1.4754647739033218,-1.2975096399822303,2.2793075641585974,0.06242430507269192,-0.3775546564089599
3.0496922063111875,-1.7918575083730426,0.4199374801144387,1.8244148826113304,-0.22833833529944225,-0.3114801996422063,0.619809107530301,1.2317545287579508,-2.566627388251824,0.021060198364364693
0.7397956209959503,-0.5067879416983196,-1.002104691434073,1.3885535384597865,-0.4871580226457061,1.0563102808325002,1.429117018551031,0.02246536604057947,2.2869623023491403,1.2212356600669605
-1.7754622029940377,0.8266899498466168,-1.3798956441410566,-1.3265651649341104,0.5233950169020153,0.3669138557980781,-0.3255873571531219,1.0743678196464148,1.0889118412882774,-1.1378071596536348
0.37433089772590517,1.1567684467638744,0.7081355034359602,2.0692504641240443,-0.5361721666239897,-0.9361276486305316,-0.26403776199440115,-0.7456100369120071,1.335212915369236,-1.3834625118283659
-2.6914678187637415,1.0771337260118796,-1.2115377749030696,-2.182983895662824,-0.3217062178214337,0.0810266730134317,0.07587738995981268,0.30653131937163747,1.355092194370616,-0.18561746791792078
1.3129469603467685,-0.8323105777956868,0.712029791034944,0.6343510676504146,1.2691726564583794,0.49929416312064934,0.21294997367162288,-0.5119056181424726,-0.7494680641408916,-0.5593299381372452
-1.8410023341818882,2.378376117525872,-0.8999448354180514,0.49154125172182384,-1.7645959092770471,-0.6034189094366331,-0.22565670321806863,0.7084986138727689,2.5171452754357952,0.6729432044950393
1.8424599823211552,-1.3649309864607946,0.50155027057482,0.12052195292512868,-0.38024155593020326,1.4207954056851684,-1.9180996005037925,0.602592957636065,-2.091053094793744,0.8811833430420066
2.972149128078337,-1.0600062805285466,1.2386362825889736,2.3539513439142867,0.09412426778927614,1.0603234826370918,-0.719006667681404,-0.3425937191144445,-0.9559492866285342,-1.4891464178991283
-0.4140967293764596,1.3384980668937703,-0.14138887427904462,0.3559485203978141,0.1531019929343254,0.4203850629872118,1.018157247648752,0.9840711658603792,0.3703920912738592,-0.29225521544384025
1.6965622018743984,-1.3712271084367351,0.022757128427389486,1.300254849087476,-0.9635834445300414,-1.5711044657540092,-1.1548659796745833,0.48468696632485053,-1.3367482862498874,-0.11308033588623528
1.8879231452638985,-1.792429909922423,-0.6013582764436574,1.9351317589349886,-0.02974165415538386,0.08764799100786758,-0.5461110027385696,-0.5030236874963365,1.312452481440321,-0.858812727920689
0.6542354032033308,0.14786318900341766,0.4825570515125873,-0.26148388191309824,0.006211355621786128,0.35696072499371045,0.3984491228578794,1.4678490286263481,-2.437293624733636,0.15725843678529833
1.5699364166832674,-0.303658469238582,1.2461029435559,1.2201445306023917,-0.6151876757156072,1.0438500906059514,-0.1288991841181895,-0.8436588959417666,-0.4319763728461541,0.9898601405859991
-0.26485409279893035,-1.4523504078402167,-3.4903683755332247,-0.4015734155840893,-1.422006524907533,1.176690970555668,1.1050607298029094,2.381165546730074,2.162077484521867,-0.05282800457476905
1.4161784583587858,-2.5691325204822104,-0.7101182790688002,0.5875661686948601,0.21482650611660128,-1.3698197571538184,-0.561782494830015,-0.3399869177754399,-0.340855039933209,0.024407339533162126
0.004671999115150783,-0.78312784196793,-3.061325114245929,-1.1057985233676775,2.3502058000057215,2.1247026419347703,-2.664332321074447,4.351505873568566,-0.45893664577965687,-0.47326504683304876
-2.3027389401741987,0.7622326048993524,-2.7199308539677154,-1.9902150294699656,1.9015592551136702,1.1469833738629773,0.2448193738945395,2.458818279957221,1.5579791490184105,1.0366468294192555
3.366829938864504,-1.4961987964076666,1.5448123763132167,2.4067719898556694,0.06749368124727505,-0.5953453780132738,0.44508647135340185,0.0009508381226572826,-2.5943632252037117,-0.19084131864335088
2.462702984337623,-1.625194039432209,1.8056181445539639,0.4718414349534732,0.38196645752409497,1.0658386941849594,-0.8214695290296501,-0.8056328166480289,-2.757456810723024,0.41692950326481654
1.1195507766446227,-0.4554786251355222,0.5643252218469555,1.529916812703004,0.62152184861589,-1.048735469139437,-0.3326571805631725,-0.7595220153937756,0.11200645636393147,0.7847815840141892
2.6527745366820783,-1.3634295801272434,0.9049047271627039,2.2420331741840744,1.0043766347631322,0.6285620563240991,-0.7005368280095384,-0.8579486905148119,-0.19366716954119045,0.187538784413962
-0.7029800668599451,1.3529000249878576,1.704264399334185,1.4412395228457284,-0.1268807141021942,-2.121786830419948,-0.8259841780265164,-3.375043265445484,2.1997570422158033,0.5068774563905611
1.6677022991553483,-1.264886048744736,-1.1714486136232405,1.186259074930687,-0.5037895841039367,1.1333641783679853,1.214797056894385,1.577643269312583,0.14175692794929362,-0.09733681866268276
-1.0851739412449544,-1.6430030909843372,-1.7529302321826268,-0.9020010443410424,-0.7048221709979829,-1.7037427868402681,2.484969953586654,-0.9937448564813064,1.9782113499843839,-0.3670704059816724
1.442531301300768,-0.3789706446648854,1.628672512361446,0.7850203384843878,-0.9082061822885704,1.1434096173461232,0.06416712562467415,-1.3292546584904565,-0.7677983510893686,0.9939297571216518
3.3389524933060435,-0.5331520192311614,1.5998011486817159,2.9066999635788258,0.11038963910769706,0.7878506930742426,0.5074209278332887,0.310674141128239,-1.7192226456299093,-0.3234378675446039
1.5443885827999608,-0.3974814788495722,1.2801011403974611,2.6095025878292875,-0.08392725487267538,-0.35226828854924275,0.3332400365224288,-2.6892066796082643,1.9217376494450744,0.5886526793824348
-0.3286921888203508,0.4116761512973671,-1.5387620936123023,-0.47964078376276353,1.4182403547575642,2.054782086431615,-1.588818475320221,2.3122420046171053,0.5110398229130447,-0.8417119460380091
2.4852826285933705,0.4121310597079393,2.524677125291671,1.978717300112639,-0.7893470120509625,1.9339935411826759,0.10207491624738367,-0.7234129770437894,-1.5692865926441235,-1.0122733568370152
-1.6146128813404126,0.8304983277790328,-2.0304578332909737,-0.9078442855386375,-1.0195062023841872,0.25199199656257987,0.9344277832313074,1.9866966707119538,1.3179024283645648,0.3409526902216264
0.46250191606431185,-0.2627164693651315,-1.7888568797754993,1.2984036105291747,-0.37940449898584194,1.6239627940759838,0.3320652491644065,0.9522323275388999,2.8163925839627613,-1.1385673730496195
-0.33655498592702077,-1.00578587216887,0.5068270406685207,-1.3144835064171163,0.9994190326779109,0.6632109717121456,1.90329268772716,-1.926201599264908,0.13532678438608414,-0.1073547907140164
-2.0069937726458877,0.8511201053547488,-0.6977340218594533,-1.7845886849508368,0.2666727637833204,0.4170454817757443,-0.9070081583826592,0.06644576292660787,0.9001763311542557,-0.7065605788334728
0.28335145422163655,-0.3949609736740032,-1.0374950999588812,-0.8916502679557663,0.02194380821533224,2.2900148091056396,-2.064957387584735,2.0815364086719184,-0.8018280448980635,-1.2506960629882262
0.17780366735130596,1.978743645106114,2.4416503423452607,2.070539094316831,-0.5401030935987851,-1.5671964302183072,0.12415659097130305,-2.275154536961023,0.6198911231638824,0.2353179614390996
-0.9023045007856069,0.062383987464388335,-2.122879997831708,-1.4798652735162803,0.07343451924111885,1.5805245539039445,-0.33637866311040404,2.846253731258571,-0.021341658951016917,-0.47434544190347283
-2.08697397076057,1.7903024364349909,0.5992891435790051,0.43099876944657334,-0.16155598362588855,-2.437649983001574,-0.6248764177655503,-2.6605492488818774,2.9423085030513016,0.8112035278626736
-1.1521469671937716,1.2121734827545754,-0.7284561955791352,-0.05234111711836631,-0.2795683042665431,-0.5199357852042452,-0.9976745727406486,0.8048034982953943,1.0110243262082637,-1.0676348506009778
2.3103637693248946,0.4342302751240932,2.043380849129822,3.081809794246854,-0.10611951556933184,-0.6240463467039035,1.7046510059281352,-0.9314294537245893,-0.6110172473001807,-0.2702767610101646
-0.04878793373486868,-1.1287847598983811,-1.8631517434417133,0.2474712173956668,-0.09711820107514263,0.5332639120510088,0.14891007584637195,0.1591667628716661,2.393991076373152,-1.0280964078219301
1.8077960190852147,-0.9453423144625326,1.7225016003702625,2.0423040662072633,-0.575881712458321,-0.8169871168739042,-2.899893780274999,-2.6974449510816805,0.37352938742578534,-0.10172002555304499
1.5343484035870865,-1.1513354799597635,-2.228809025872964,1.9545356431795406,-1.81203890112962,0.5987599917930577,0.6405335916310338,2.23887717807888,1.4932087384800032,-0.5975686357669662
-2.0141571602036907,1.9145741611306075,-0.6270256824480275,-0.13951902250005277,0.8089247222790114,-0.8746506083724106,-0.37418027599018366,0.0005239366822344937,2.14010847377149,-2.0254180833204796
0.9837961478522429,-1.8077147442356467,-1.76890943175202,0.5744107387670062,0.5939267344226444,-0.11340043588470694,-1.1044112775115846,1.205624316933584,0.5330359320310398,-0.2701599923826637
-3.447509779279378,1.996127621827346,-1.264834205202794,-2.117759387059161,-0.10622149384201134,-0.400237223381825,0.0834811255198509,0.27683953589851795,2.053144129197777,-0.5939031720203022
-0.9388398246958158,-0.7768429452687752,0.5764797041195823,-1.5881551466373676,0.5053265000780651,0.7859850572362466,1.1029277327426599,-2.8248231827211088,1.112359350803175,-1.3440446284718441
0.30012941517424224,-0.675402214939682,-0.6005196778133733,0.9248197050164111,1.684348516124981,-1.365170231834342,1.0000217150928223,-0.3473955973238406,1.03579484081367,-0.6354231068357553
2.646757809948045,0.01377166675530006,1.6731940439440645,1.9461306147694095,1.770167615647273,1.1786029433286838,-2.640897679343706,0.7291225802044639,-2.321588079304535,-1.1135192324279928
-0.3262258334522502,0.1338655674322301,-1.6314687159176056,-0.7065547185391465,-0.8595000398001769,1.2811666307902558,0.5251903903377283,2.628699704198477,-0.22252437823777593,1.567796131196472
-0.9553983356973702,1.4046595660516459,-1.1850239830941123,0.4664683131494911,-0.8177154757301307,0.2818062083800055,-1.632602745687323,1.2961718978411902,1.831486028726201,1.0146453864394118
2.299761402535467,-0.8487637809025853,1.3755875887678986,0.39033847669952404,0.09110086660612234,0.6789979629628244,1.8065346714593336,1.2709568872105947,-4.011453620273058,0.21160038058850683
-1.9384134318906148,0.5664526733392639,-1.338045769262916,-1.9458445194894234,0.4990855654659427,0.5964386438317557,-0.13480087150720985,0.9304370065855718,0.7357278221443054,1.723465340067103
0.9239580641269407,-0.609935672453393,-2.36399772706135,1.6971517675120835,0.11617308407654969,1.5844882698367093,-0.8448984534104736,1.8560716311759178,2.6830326284721004,1.195139179833436
1.5474943663471172,-1.1774663917948365,-0.09474226071184505,1.2720733831824664,0.09018263749689953,-1.1151851891608522,-0.5219067501050293,0.5014144129327562,-0.9118270600595042,-1.4122943199298554
1.1546253315634125,-0.5931887198635417,1.7451913003656154,0.022518785555913134,-0.3341364484598427,1.5745990900196842,-1.3446490274694252,-1.7057372084558196,-0.9653858550759894,0.3388915982185217
-2.5542728990552033,1.850444024962599,-2.06510344083581,-0.6840608203411401,0.4874139269048434,-0.5083499804517257,-0.21645222277144752,1.5114748562757323,2.580248077569033,0.17983107953790647
2.8566807443102085,-3.6348130181268345,-1.4611173873697274,2.0031378767923593,0.5963970691176537,-2.4773407856756973,-0.4879933162072253,0.9549876151539671,-0.9086505117036956,2.10367310306172
0.4319082139574575,-1.6786312520473718,-2.568770813144444,0.2303930305158145,0.36860082912020287,0.2940098387160772,0.31572526693549224,1.671962759728216,1.3617567626261704,-0.8112571191371926
0.020095139563906985,-1.6170135673641544,-3.510846281772295,-0.15827670682621764,-0.9809871983289186,0.8116596080698377,0.9912586581920885,2.6354777471998965,1.8127097223205502,-0.9626870321079533
1.0760679850922485,-3.474111715137677,-1.3592732515867416,-0.10898504637489026,-0.7604181998113736,-0.6239204642846534,-0.12673603578590625,-1.160928091743749,0.8755367402967642,-1.595636760889683
1.533906648035394,-0.5024187871282364,-1.2695572799462567,2.096994958452189,-1.0563279993057413,-0.26136156057595594,-1.0585037209958124,2.0592832601261546,0.40727165740928983,-0.3119870086480041
-4.976909937135784,0.8281028245599733,-2.659588830958479,-3.9220173104930836,0.6550406137817893,-2.2510592439154355,0.6356615967509606,-0.1057515546715102,2.563971047008013,-0.5908170987358049
2.8772202109879004,0.46311840495842427,3.6900858283925397,1.5072611252865937,1.6224983409010136,3.1251623699272084,0.022203934542636587,-1.3104715749833313,-2.7407462678437993,0.5310966022846075
-0.5901785554168612,0.5884211847719814,0.32991206424641445,-0.6658496939603586,0.780070297391064,0.9237383974929498,-0.6302185531976071,-0.3480316290016483,0.17498539674766633,-0.24174963889344706
0.03148070737967439,-1.4694749573423187,-0.2867797570871948,0.00836101016871238,-0.12442732310641852,-1.9907168811028424,-0.5690273622751935,-1.414891434471798,0.523448701487861,1.0936976406914414
1.4597900034963585,-1.2593240209914154,-0.930179629545085,1.6228075831577424,-1.1100035718859267,0.04206142436490501,2.4100486494071336,0.4412597790706333,0.9888811353704715,-0.599366493840319
-0.7271953160215303,0.4572448426435468,-1.1894811595323602,-0.5930330226187812,0.5863329755781368,0.8628990108174167,-0.3961260979892287,1.4666061362407685,0.55910156792289,-0.7242465320583401
0.9478442228674989,-2.158500695031164,-1.7539453911081855,0.6065624428826207,-0.6530916613503364,-1.0547180783098282,1.189515042665042,0.7730053049600898,0.5195917752227679,-0.06614328487366697
1.2555697194601756,-2.406333636432186,-1.1031664145797564,0.7347027136661093,0.15964776940790298,-1.182369801835055,0.5714083877187804,-0.1108565871312518,0.2989274221303869,-0.5553080553860471
1.2780370734900361,-1.6445779802517926,-1.1285778230750618,0.8059041378411995,0.4287906399387243,-0.0334064427874301,-0.3411079025487173,0.8450383115003064,0.13333590252728955,0.7991788199053993
-2.7996104795618035,3.0884869961082204,1.4062393610880537,-0.3091184373757987,2.765979614439267,-0.3180417457164286,0.09913833941812458,-3.164418145684518,3.2899276040389953,0.6084077537992262
2.4571079725460856,-0.8752212926321902,-0.10862298758055142,2.782144662128802,-0.9142813107966419,-0.17840148463459482,-0.575944811423728,0.7628403175923464,0.059188244135684465,1.127374010445556
-2.858281483716994,1.322241888205355,-0.714232110037989,-2.835449247873651,0.1524347668741858,1.7183272406332382,1.182234028938315,-0.19500298583167308,1.3723574271634718,0.11127676805327562
2.5227670482592113,-1.4042135670235034,2.0052851056148233,1.6206763110693734,0.8442832280974177,1.3346755734288611,-0.17494456600131203,-2.4511709642563373,-0.3677475246133258,-0.5899092978657563
1.4955082993242987,-0.7587496414129304,1.8953394138693191,0.13614808407104262,-0.33869133992187517,2.3629152293271454,-0.19776904470561435,-1.8944398640439157,-0.8526674792740179,-2.3764328563378636
1.3511035081246894,0.7825899428710739,3.0794988811592434,0.5111041515443632,0.1310207620786982,3.856748437811739,-0.3337788708388873,-2.502409816818944,-0.43005638166538673,0.3191602900919905
2.358886307581823,-0.18628605091757655,2.5784968598147335,1.4676634374005657,-0.7276723548562242,1.8524372811704,0.00946519402268165,-1.4741402388804843,-1.5145775866097768,0.18911121660394065
1.5901992509339236,-0.8065308698110586,0.5530877132178589,0.5364522876650589,0.8593137911229725,1.7367812401393166,0.4667162340051821,0.14259796194421126,-0.9420974440489058,-0.2167365144042404
2.0875587370718924,-2.14733605414584,-1.7231891876222052,1.4804534939200211,0.5507877351167638,-0.08507181085824334,-0.1946766623579972,1.980539720058721,-0.2081040794877218,-1.702128706538388
-0.47138054096233306,-0.11773148127250654,0.028534906996013323,-1.4604067498001894,-0.29340551584204505,0.42983150308120766,-1.4494197291774182,0.552695134908145,-1.4133891731599868,0.8074447180083516
-0.09108301045374659,0.35327672732512383,0.701426827165473,1.0183404077907152,-1.3257937713542476,-0.9739203117396508,-0.6590067582323337,-1.8720331439743734,1.5080974753871095,0.23538826054801248
3.439338089563237,-2.374744568996932,1.4618932772755608,2.3705306051134443,1.229774224521937,0.6653721979177132,2.220683796583114,-1.8648441841020755,-0.6260538375857123,-1.1343963827064898
-1.7839688818751227,-2.4276934627407933,-2.2424460895733858,-1.8732508096066298,-1.0637896161020317,-1.8821538941620815,-0.7898474390492546,-1.9640057128928743,2.799378242031326,1.029882539130331
0.31243325614656575,0.7157580576197983,-0.23029413477541552,-0.23524052330092127,-0.7844906432421096,3.284208534409031,1.1446062820500897,1.5097215757597398,-0.08742329189621678,-1.8360719875025393
-3.0213389250209364,0.9161646685330236,-1.56385131615141,-3.1234246254231492,0.9729965453330005,1.343035746755709,-0.3754938863522174,0.6084817028264873,1.3285550618077682,0.51651728439791
3.7399427255528925,-0.6778910386490914,1.9178914957997164,3.2175569388467857,0.5469610954632903,1.274024997007518,0.06884573128385278,-0.1296788825459252,-1.5609255686567458,0.17698631145506066
-0.10093048387927583,-1.392672408751766,-2.992777226402217,0.4419111385862151,0.3430670089259352,0.39917287224302855,0.30845010833151476,1.140330185183588,3.032314104169937,-0.48462876400396454
-0.7594561545791264,-0.7505410952042704,-3.351500818641802,0.13263904284243977,-1.729897831726847,1.5011108254526846,-0.23091025368155538,1.2241068307718077,4.136306526956577,-0.7048684538154905
-0.5965239101396469,-2.0529350840982294,-3.159434486885945,-1.480655095201,0.8651986080012756,0.5952002530177578,0.16666168705732284,1.724657780976763,1.2147821049517742,0.8160068487744233
-1.210336189215149,-0.607055044179723,0.4324216213685556,-0.3403879726006489,-1.645592614041814,-2.3550174290012365,1.5055451919058283,-3.52993209167231,2.105762177312119,-0.5496045846648339
-1.4413479063887957,-1.0435759960164324,-1.212265636857099,-0.5986660602665863,-0.1798166313800403,-2.0440599387973166,0.16178191260125813,-1.9964333787577977,2.7297362915975443,0.7603218753498576
0.2854791185827181,0.43533252700154357,-0.12764978690633552,1.5178877247380935,-0.2763196351264478,-1.1270833799975881,-0.8160378953942717,-0.049914363166614795,1.0757858761158445,-1.122153237880997
4.545167123791612,-1.4877040951381995,1.9791476579181702,4.383948821247323,-0.06638761758997193,-1.8249116008993074,-0.33263731835095894,-0.10584039790698174,-2.4962748043455774,-0.4600762541334986
1.7748533211365178,-2.032593484987536,-0.9855233852640254,1.0540602938704264,-0.5171370804487624,-0.3123437324168332,-0.5253888696369459,0.9130775634623765,-0.4127637070503152,-1.4211531401456212
-1.0244436988065093,1.3087417423660295,0.7800798003401718,-1.2091492345921897,1.142699916235183,2.4414520650714504,-1.7325440243543537,-0.6792422530051342,0.44513469688260354,-0.5214010918187526
0.28960162683256185,-0.5476402902683389,2.523498295519083,-1.1952533126434672,-1.47423727889541,1.9810862199822417,-1.847408384527915,-3.4889449599904094,-0.7047211749632811,1.8095149185186066
-1.4324785561327325,1.9621434931549757,-0.2930517958197256,-0.15473213189496515,-1.3141458544552165,0.7531540435560847,1.7666554892914357,0.38690539982861993,1.5910262289846004,-1.8259842416276302
-0.03125527534607837,-0.574299033028274,-0.2523427545957273,1.0928849805739485,0.04967105630026454,-1.2671562363412663,-0.05876471227672918,-1.9108671444652578,2.4413809270109317,-0.36370311610051537
2.6291714406750386,0.6155009021696376,2.532466909877876,2.415968753688509,0.2635467405781687,2.2764613133847966,2.569907035475335,-0.791561697161516,-1.0389417379307684,-1.1802836038228717
-2.1694499947469494,2.59745398013588,-1.4523159086757225,0.4541378792370643,-0.31676510593564716,-0.765713614596468,-0.022577941094418186,1.3058540795509475,2.852440794013468,0.5334850768245277
-0.31387789816883854,-0.6582921500433602,-1.8036287498512842,-0.3708553168878028,-1.0630179915769966,2.068164327201714,-1.1656715902886647,0.5498014497031014,2.2714563377108723,0.23641786235993267
0.0714963907248454,0.0658749129416123,1.1493869928346394,0.6845534780773621,-1.013805932639863,-2.3733942383925353,0.847932173353264,-1.6041413396204063,-0.30531360800519725,0.9495229179610088
-0.5514226857381711,-0.3472398569300229,0.5902052067422665,0.8246277649569231,0.29760494279712235,-1.1751062518409547,-1.0843712084571229,-3.870836561994901,3.3383306885754767,1.3201841971984174
1.2564293484246551,-1.0120899132182277,-1.5022325595533197,1.1482120649615613,0.6918098218337286,1.1504399926079083,1.5973727899525147,1.575567572825028,0.8681845123257745,0.5493156445582286
0.05212765100504879,-0.6032742793395292,0.22968742829098884,-0.28332311719109304,-1.2334975839449034,0.19431307694587707,-1.4896374214361092,-1.0532338055509785,0.29576779743966597,-1.0418475454405285
3.725299665949744,-2.248867975108971,0.6039630956037022,2.4327508238435542,1.150607550593069,-0.4778412191505439,-1.1326637535596478,0.9640904671350037,-2.628108029111293,0.0001866646349733769
1.570758468775403,-1.3125761045627253,-1.3589587977036561,1.5110042484658,-0.02465728073149379,0.2939692457665145,-1.885766918754242,1.4052745885186235,0.5667893574253975,-0.8466462488663622
-0.26761674178449013,0.6058744774640032,0.3210386495967178,1.5149994385735734,-0.4873894162901052,-1.0666779510602777,0.5336479953688869,-1.9514845817466804,2.6546808903881036,1.4049423292181198
0.15503004362271247,-1.923074339491023,-3.993401587502542,0.6201541073314287,-0.9960497860017741,-0.1835726351922875,-0.5323122659297902,2.4322440692618734,2.774648115133379,-0.3500184545911409
3.2156911269985606,0.008689009925175517,3.204186227398527,2.564415832743084,-0.5739300079673577,1.8669520946474083,1.0932371075822098,-1.571921160940983,-1.7391762274994247,-0.45379248516408377
-0.007895212863636612,0.3229797118666311,-0.6682448559172012,-0.7791040861934131,-0.3587659360951468,2.12848360565854,-0.08152282681934891,1.980884568590859,-0.7684817474058525,-0.5199750884075218
-1.014869540143793,-1.5329314976527302,1.7418535508664903,-1.1287418189767586,-1.6894573383151947,-2.9839572649253667,0.19332032475446598,-5.468987542233498,0.8965492215844286,0.16984469724903012
1.4615283390159572,0.37163511403089444,0.6980520260958178,0.8133299468736818,1.5587980694978887,1.4743424085035217,-0.43874592004829344,1.522339090801204,-1.847264426397744,0.39167061561527167
1.8043698835208095,0.14372268550883405,1.701919006623204,0.9963616261173011,1.0951604117202318,2.090440839769697,0.43350549994684245,-0.2276776784328366,-1.4217930704048714,-0.8312707739523105
1.3413797936686966,-0.3998039474621454,1.274979059509854,0.3022218040043434,-0.6872265309140099,1.4793363051344808,-1.7794294488516276,-0.45053030090204294,-1.363828834489692,-1.4609249386516574
1.9244745649510742,-1.7789689896709289,-0.1568480062554677,1.3144983982147147,0.0843238272422339,-0.42195576127821344,1.6512365786872865,0.07062373469063954,-0.5422288521527208,-0.2855036969711149
1.9623300223591258,-0.9603230859809638,1.4431721852689807,1.8876324596594112,-1.4961991540760018,-0.8374653469686791,0.07698314140715402,-1.605232875400583,-0.513909262676761,1.4580252755643248
0.04136908094388671,-2.020529707344031,-2.4816936926965987,0.0748081133073254,-0.7812967068230585,-0.3692200199615363,-1.0249923138187629,0.36632874659739945,2.217330701553086,-0.3371881377911729
2.100648412558316,-1.2299761389189872,-0.38563341657286304,1.9033505382673592,-0.4702435923032813,0.29616250697009394,-0.429063876901458,0.746622721618545,-0.04406655060279152,2.414217312238733
-0.3610211178974846,0.153939402238634,-0.7233421955729911,-0.1960982446030186,-0.06266452353256335,2.8913033772955408,-1.850631641694852,-0.43016494983762454,2.486630689516425,1.712667712838569
0.3483687860431272,-0.3945362532133124,0.8612114576570438,-0.1761172269232727,0.07575934319837979,1.1581380686778087,1.3414319753737025,-1.5023396368841777,0.21572119303872728,0.10940759902005842
4.109401256054047,-1.8336031385411151,3.5043812734236024,2.0375345151289324,0.36141552377197955,2.524149120588432,0.6082288953073121,-2.730484251515565,-2.344353223547169,1.406780855788039
2.161850916815919,0.3010750103364166,2.1769999914603666,2.5354038122522695,1.7458713361351574,1.6917776058015104,1.399283341270051,-1.9756695596944063,0.6027036553057221,-1.5534277984667932
0.2969099669956418,-3.567333154298934,-1.6985328928265162,-0.774000222106574,-1.0893499965854996,-1.372807044089123,1.212158688550331,-1.4817848277896646,1.2052166000914932,-0.9804074097980382
1.8194810553168066,-1.5134359705490215,-0.21077267319474516,0.5828501723695156,-1.0219741103907967,0.7617853675039925,-1.2060002010724693,1.0080960445847431,-1.405733173106071,0.4041016550090086
1.778614839891429,-0.5337848701113251,0.3485544567922982,1.9988859039000093,0.2619503493413132,0.7387969528034901,-1.2551077492566356,-0.32185960573988526,0.6283731602085452,0.34494500154628505
-0.1306583817932927,-0.5233607137178429,0.09760716785315472,0.7234947667786982,-0.08725601318294572,-1.0766570756281892,0.8534214514921151,-2.1664998835534712,2.044872380534624,1.1645834712019478
1.3226109967535877,-1.2913588502011517,-0.013669613107853893,1.0611191339336363,-0.21257862798856803,-1.3991889567837494,-0.5208636651508562,0.0037190993983233778,-0.7409053163729462,1.177544724769586
-1.374124245428499,1.9662462666005531,-0.8234648782581491,-0.41973929220034323,-1.7967380129780532,1.5313618227925774,1.4903794701929813,1.4964962602707887,1.273325122629669,-0.5422823377626642
-2.55273576891653,-0.926867290500683,-3.3417825670405596,-4.875552343405988,0.33607116792566905,3.4620916470551264,1.9571745336396382,3.0217503564588255,-0.1557292993961199,-0.1868033912610023
1.5887282970738585,-0.027556107249031125,0.9403116506447066,1.6310018104939799,0.184810302489739,1.280915415115652,1.2530889173020765,-0.49596189376055433,0.15647954699871414,0.9362090095799499
-0.4742066453808398,-0.09031025543002458,-1.668079385014948,-1.4854199285851521,0.031075966875013874,2.5801466836740654,-0.6766708032480138,2.5005885122989504,-0.23554458854676041,-0.18241813553953884
0.4114036269494756,-1.2260961020321044,-0.5294346379224254,0.8076121412963542,0.1634054740224038,-0.41355101710632336,-1.1956237708552124,-1.4708807496349077,2.0036026243548912,1.3005268585960061
-1.7557244483280776,-3.193075049830015,-1.6275021636990756,-2.67389893629697,0.7439016768802931,-3.051914160615515,-0.8327052186054525,-2.6284579226935154,1.2529766136552518,-1.6698676666737307
0.3488404514990879,1.2137162317907113,-0.021772507698755758,0.05231345224459849,-0.3496149900355497,3.7495929889820974,-1.1998597221795984,1.5711238097082298,0.1255090678207521,-0.3770441691342582
-2.26571706585138,1.5395075717763653,-0.16312081769872772,-1.9686689396982682,0.6100231697844505,1.451236452001631,-0.4691413650790981,-0.3455170596635089,1.156454386740342,-0.3125161606756704
1.955124390445245,-0.1810697633401681,0.8743382745280471,1.5092911608203696,0.1411692986915413,2.01488789278918,1.118457644847877,0.15323702364330116,-0.4620539889445914,-1.4708050816732672
1.2103192756861927,-0.7887921149463437,-1.0235937425492718,0.6777138341313429,-0.9086502957414381,1.8538580181439728,-0.7150481829666253,1.5116678685451006,0.24304571997062752,0.2908528001767071
0.39677059660520625,-0.6161220663366642,-1.5998468322131814,0.789779280542118,-0.47933686144085164,1.5560347142143325,1.1558850841927,0.6015549392221443,2.3654576955794306,0.22226613244824175
-1.1390464234469495,-1.5422181340090209,-2.4633197455396543,-1.1223678266895156,0.6627258265192667,-1.7582439042774056,-0.8071399829793362,0.60082369932697,1.2761766802248082,-0.21347213599941883
1.0353475614857401,-1.454377035763506,1.4197876810172756,-0.5492772389518787,0.6207475552794239,0.8461220064809717,1.0401885647927522,-1.9375649244367228,-1.266179456646371,-0.566128588607568
-0.14670221755887222,-0.33632629848296747,-0.5651722921985403,-0.8649641599343931,-0.44029678710755854,0.10516143992438542,-0.2216885799990672,1.193725432515305,-1.0925367030516682,-0.7707370597008625
0.9954851847538251,0.1378019352368458,0.6201295576344107,1.69884175071202,0.18151333150755436,-1.4534259634329418,1.214973511292237,-0.11902001306725163,-0.30916083627570723,-1.1874654017384385
-2.268874635085479,1.8062810463765575,-1.1715420531256846,-0.7755753700637854,-0.5138386168427719,0.021102660509113136,-1.1473219676483402,0.6108295696447572,2.1794842575021773,-0.02683184370905971
0.8157048601150355,-1.681941483363539,-0.2194907883963092,0.759332918242601,-0.14655853569167893,-0.9270035739931813,0.7526823152860572,-1.4922567666788318,1.0155876519796605,-1.0359109850124564
-0.3353346422837892,0.9000257996618286,0.21725546664969647,-0.5176503397350574,0.6283820360376227,2.225972815046415,-0.23950736876494455,0.31199612213370265,0.2505229043030386,-0.797813748337336
1.1173013977583874,-0.3148218128192052,0.20841031064604862,1.2974565348860287,0.12181470577485806,-1.2449256486435092,1.5452571697547433,0.5427280190146888,-0.862814535369326,1.0033827642199402
0.8434645505371487,-1.2817675780685762,-1.1686924044307567,0.6396203762446411,-1.3116827504667838,0.6418998064240049,0.8676320839061359,0.421136801184512,1.0461190804606377,1.0776513095291436
2.0939527302567145,-1.311201626218753,0.17403457943621717,1.3759013422353092,0.40208825820294014,0.38722199137615054,-1.2915256017682013,0.42300047747895997,-0.9185045831674687,-0.8923253901884467
-0.24534396537451267,0.8511672788542846,0.6032249449452908,-0.8202357657396451,-0.06827762263933809,3.0993118752624347,-0.8513704503128113,-0.09856857464974933,0.11506390086577956,-0.6366700950057121
2.7500333420943472,0.5071023728130963,2.372706225783464,2.0601967829652663,0.5956440575697195,1.9745129050295414,-1.527295690427809,0.2689162733590096,-2.337053476540248,-0.49605231253974436
2.0728194457850773,-2.434108829593309,-0.4695238940878855,1.3008972348102075,-1.1501720603143877,-0.37751526164750937,0.346636196565839,-0.2817290336358256,-0.0820551980846087,1.2526157196195573
-1.5291015862464206,1.1498330873049278,-1.3142174623299432,-0.9537781062302271,0.5987390159931402,1.2272843753088556,-0.9202385297763772,1.2849707598733866,1.3911926098612415,2.1640073739123564
0.8778937613441237,-0.5631322389014144,-0.41166536248876895,1.153756001092924,0.3593025800857551,-1.378785273195004,-1.2081788236455882,0.7381206383984087,-0.337251273613147,-0.32894408535730246
1.1935588366205736,-1.3304288643360644,-1.283639690405314,2.1175578478234556,-0.17769397711340013,-1.1251622467760494,-0.659602268519233,-0.06925798088467316,2.06694828947519,-0.6662842005099067
0.030653251903859,-2.77228234768518,-2.581540667529639,-0.25982707589383147,-0.32662348908556715,-0.46376272311674094,0.2805323405552585,-0.3873419866991724,2.509932597463667,0.2174165756867133
2.261415055063891,0.0367169049037408,1.7792897589856307,2.0757855755710097,-0.21242892991046652,1.6131862168648454,1.5042142828299232,-0.8158170616014251,-0.5184650754179871,0.028012915358889258
-1.751703375495496,-2.930302536873921,-3.08855155173235,-2.352610192984444,1.5080475914191533,-2.154317893713895,-0.24936410162594572,-0.5837514638347008,1.9422940716387296,1.1162463905181252
-2.3495999907065106,1.6259841343491674,-0.27543115128335127,-1.7388672095787738,0.766196009174107,0.745957389795882,1.0104138262506555,-0.26060436373880713,1.2422261124105038,-0.15556569452183558
0.4658928126877628,-0.6061190206193083,-1.487335099369027,0.4594585187848378,-1.0883194870290538,1.897782915918407,-1.2793704958528451,0.9795165642327752,1.6671740666008947,1.0383776547651486
1.9356043662134386,-0.0602920750765189,1.0710379238390046,2.4607070441554306,-1.0943647975501434,-0.9497668554747151,-0.5881543569877504,-0.16135692868968332,-0.6337911404329466,-0.6762412082424238
0.7179259866426208,-0.7029643148450957,-1.171120834143855,1.2350630012640373,-1.5259297187725958,0.828996474427352,0.6178748004645681,0.20397538465011833,2.0791722250513973,0.7011863260703731
1.4322303951494306,-2.1745061899425604,1.6980533858058429,-1.0004679793439495,-0.36624169747817953,0.73550381694743,-0.250187833207163,-1.988771657431298,-2.4606101337465387,0.15971772868210007
2.9572307925122527,-0.937128332200941,1.8468261804726818,2.1758907650179005,1.3520284761807149,0.3653925108697621,0.282187407430427,-0.5701435870864069,-1.9015412591862817,-0.15010422158550477
-1.3245504402614905,-1.2313239088341326,-3.2635311297073812,-1.702272864286797,-0.6399918167774491,1.8447798855483353,-0.1662214847101506,1.3479983422211927,2.6373063808822934,0.11386940030968377
-1.5318791547208241,1.1710901180213704,1.9163652338401926,0.45076767099595194,-0.030402766530498528,-2.4155694606398947,0.9268668857519582,-4.60770039579023,2.543126015447749,0.87362850207453
2.7803972270817088,-0.4071666163858737,3.2929257276629507,1.535338235811335,0.2963644392546358,2.92059898700296,0.24827393291144575,-2.5428028943819556,-1.324121801670722,-0.01016572074277691
-2.64265486044511,2.5966253105607495,-0.03131351151196281,-0.6609372516344715,1.0728867429928937,0.25405212902898144,0.32543685943381034,-1.0229156326130493,2.84505511723043,0.7099291292005268
2.1008703720081585,0.12859910234238536,2.825612382559761,1.1830332517327733,0.8266415353898965,2.4741658010229495,-0.5721940702934435,-1.7914468946723985,-1.317395042768284,0.1443434672966939
1.317710226441585,-0.5961015461917614,-0.9392203662050923,1.9947165315045523,0.12284343854019793,0.7439470128459342,-1.008664001166828,0.47425596529017955,1.8263118944416266,-0.23833817231357088
1.8298059386427274,-0.7956412098736119,-0.5693330772022708,1.0130465537693414,-0.4141211679455457,2.0049714927778917,0.8058902285478261,1.8004552797951539,-0.6443660495664794,0.6816906899038048
0.8868211096520783,-1.1573451894793167,-1.3321989142678363,0.3247876750471792,1.0714113018874913,1.317869654240942,2.020049106929647,1.2377858907203536,0.48485137561325187,0.6297498783986742
1.6341636362038632,-1.9884796102458708,0.07206946566588986,1.1333088509729108,0.3171469847104752,-0.40312055495388543,-0.04586125936902153,-1.2095083181799033,0.30922235768751993,1.2024777476530082
-2.7304837624631335,1.202079363358572,-0.9870051034557115,-1.4925503720882594,1.1650321048394574,-1.638450052062471,-1.2455939116145551,-0.24132701712658955,1.603242321082865,1.7348318912272276
0.5131107936526881,-1.6486172504608434,0.3632263098837052,0.16973806165125715,-0.1165103783469821,-1.564563603489848,1.6648018292404523,-1.999563191357625,0.17260144803953725,-0.930664217960387
-0.36094108433679173,-0.6992619994423125,-3.056650610665678,0.7520819044989594,-1.6490334353493064,1.060880301986574,0.009880609829763149,1.12346469251335,3.998698371508666,0.4848786815321318
1.7182224418692427,-1.6418989286960968,0.30961709910932983,1.0613051417842712,0.4796797395099632,-0.02343038738566272,0.1989496964833095,-0.7666986929814379,-0.2854666091180045,0.7540759331580894
0.059956380495472514,-2.0531803980109684,0.36873191849637504,-0.10975749205606022,0.3144794724834049,-1.6845192408309562,1.8381007079616358,-3.5039988126220654,1.4286286045302643,-0.2515808307655791
-0.40989317110209256,-1.2407867667490833,-0.09260999810606386,-0.45099369858482397,0.09697017676084972,-2.0295049034317776,-0.14428794263673994,-1.7347583522080492,0.4845764910044459,-0.3693867320636845
1.7604067240906984,1.2140912797588541,0.500486718874058,3.3930845902228133,-2.5884166322041993,0.21900137958299593,0.05976783737328261,0.8190450375155272,0.9114003663352501,-0.8841584799437678
1.5813278594895321,-0.5080614344032109,1.1656642225516676,2.0616782260424387,0.06863704842771541,-0.2513322953354974,-0.639230561280132,-1.8098887342750811,0.7621574974228966,1.569866436259967
0.6231173805638972,-1.8914327939039124,-1.326507051114041,0.7112320648479767,1.932459497449553,0.008716007491019084,0.443523738462415,-0.910547353820093,2.2739468684541864,-0.76029094756398
-1.056848365021591,-0.6664722096057729,-2.6636012726684615,-0.9550537643734347,0.5389191851437345,2.2683230039925775,0.2961848047310136,0.8083006237652566,3.161965515819399,-0.3606479120661918
-1.9757738788629087,1.7439337702507676,0.3231358952991886,-0.8900943781007076,-0.11565356854823089,0.3687108768215196,0.25258992737909125,-1.1845772247051531,1.7283479170564853,1.1606990035971831
0.04357534934272337,1.0827331005873024,-0.10654472063782497,-0.4602927251016722,-1.079392457099354,3.8624051950107376,0.836328719335456,1.3953856901352146,0.13992687500675438,-0.8377094318949696
-2.1077265345429272,2.9315812407323607,-0.4388376393051551,0.669476158766106,-1.9321671625260497,-0.7110779816425616,-0.6754811770399278,0.07742062695966223,2.936596026513757,-0.657484937966344
-0.281013136064755,1.061875675712567,0.1573584289341073,-0.7971281753655148,-0.927784109060761,3.300570873104935,-0.23937685150891483,0.8279061684535689,0.013253923462390738,-0.6859980417194214
0.5746774053357627,1.326694142113979,2.1563968253122487,1.8261624514038353,0.3770920937424761,-2.036893513446186,-0.09996977981690322,-1.424071081255728,-0.6077452502310778,2.390766164767724
1.3490037620762436,-2.401250750419507,0.24056568504703787,0.39864493503907494,1.3791625881974978,-0.12681331761978565,-0.08338014443846556,-2.0231475853096983,0.35782944543272976,0.4726630560767134
3.3394365071065875,0.8339366818129139,3.533192201495159,2.458824262111016,2.2947685915477845,3.4676429292794597,0.3788105294965933,-0.7369468928414238,-2.286235948616244,-0.8601926954224983
3.276360714081839,-1.9776980127723927,1.2613859455673393,2.12853087773843,-0.7286780669457907,0.14753111445089084,-0.2920085455130258,-0.5944086216932046,-1.7288745543643504,-0.02302485444650096
-1.9832609692636276,1.8525575243064283,-0.6951584274230675,-1.1446727588964758,1.2613181018500463,1.2901870409753586,-0.32782352634269685,0.6813400052784249,1.476612045917311,-2.2481428867921633
-2.4371145494700577,0.7839204223957845,-0.7294620815814297,-2.0476120266858673,-1.9854610204177623,-0.9093513890154743,-0.610022977498356,-0.1581301046996988,0.676494641297053,-0.5487491334148188
1.6086185386952336,-1.3840489083557468,-1.295637933442354,2.1602600223948034,-0.4307147004602912,-0.5560812241958291,-0.146059885047167,0.6298971863798494,1.4142071390303432,0.4506555553346548
-0.1070133639274926,-0.17856867973785828,-0.7767396819315161,0.9119933467094892,-0.5124052146241178,-1.303649870218914,-0.8979876415443887,-0.1821112587136272,1.5117564646616568,-0.8680639066752307
-0.4708651259486279,-0.5638153751217951,-1.286361559567461,-1.888768246831977,-1.5763517088994359,1.5109922919602958,0.35354786319867676,2.059438022619374,-1.2034989216383813,0.01424416401371203
0.5000594593343323,-1.249879262841885,-0.8240260649910062,0.8491778797585419,-0.04546497612900444,-0.944788789429979,0.47291708452549563,-0.6243892534982679,1.3852936371603488,-1.0612935317114818
1.3107311510189008,-0.8295601942718803,-1.1948549882658024,2.03222652310087,1.9094186522934937,0.27033394168507685,0.8098893216611167,0.5789132335875293,1.8592357285356202,1.2514564218142645
-0.8131306435286005,-1.5283161317790899,-0.892385065813076,-0.2048874135779961,0.9160103197910902,-0.8048042523255299,-0.7222688836538869,-2.954484407546835,3.4774615975154326,-0.015917845002242307
-0.8112414446023845,-1.1696754596068422,-1.9007029916754856,0.05584043191965893,0.8198881539817973,-1.6657128104113252,1.183227173712846,-0.611914003977146,2.6357422316586336,0.004601087097138989
-1.1362007013040756,1.0901833163084798,-1.3759194114897557,-0.26807820365244084,0.22374831957430621,0.44889796958677264,-0.28026910446356673,1.592106584934561,1.2460396920003145,1.0527915569027135
1.0389936897391223,-2.062014258282683,-3.237667393935513,1.3987415322140224,-0.2731223524069119,-0.7386838672746225,1.0544316549732602,2.2907141763712646,1.8239876335325569,1.035825238417568
2.2342226369250797,-1.3039371763017933,-0.8565663202875666,2.2934845500197305,0.5371784276257605,0.11595027464914276,0.7126284838464292,1.2120549872045894,0.3102798469071514,1.0445139862434607
-0.08971716231781515,0.5093850920388581,-0.3055964016835838,-0.5653598914117047,1.6263804056686328,2.5605342054421514,-0.5026196138317597,1.001363705113398,0.11312615007032545,0.3509425048957069
0.7196040200223315,-0.20807370858506846,0.7879027620853113,1.6069246949572311,0.7499499706512455,-1.554503305386945,-0.14525129425498856,-1.608585968295686,0.8019697648183861,-0.8406074274696438
0.2581860375138285,-2.78953775778348,-3.173881455276454,-0.3731055574553961,0.787030836871614,-0.747802694066785,0.297394853531108,1.4642990546730057,1.2219560619762038,-0.1431157369637778
0.9382515393019341,-2.2733265358243946,-1.2541304026412066,0.5176774296703782,-0.7206260575907678,-0.7700052217855742,1.5187183527167938,-0.2896315401146695,0.8521648073282532,0.4739340992113509
-0.8098876281515799,-0.3401373307045281,-2.6045682817742057,-2.223605138683288,0.4276172815847823,2.847547252640909,-1.5613523357772998,3.7076465492588033,-0.5484809248639337,0.4033003902452816
3.3285266695334563,-2.7978661659100608,1.0921298038822218,2.033393014399641,0.5102276451696073,-0.21577980287510234,-0.484790676356893,-1.4517370689452394,-1.197001020148186,-0.38193227172536476
1.1727049954792634,0.2947244207694273,-0.27496848023049614,1.9371942001002058,-0.6240987123257102,0.13137566675304768,-1.621394156122169,1.0686190103039834,0.4806266506760417,1.2046744399937044
3.2492714481840617,-1.466782498231365,0.241502826308935,3.313260640418728,-0.4303854763970162,-1.0113584091595622,0.3803814482163115,0.6824076418426062,-0.8114363019363899,0.44198600639503066
0.3276333855692915,-1.8060276993712956,0.11370104206709909,-0.08281099452027063,-1.2744928824990227,-1.2940469730350364,0.37955030461222966,-2.1088918723531087,0.5442233755066338,0.12407272571949352
-1.0452762511077194,1.683478243908817,-0.6186051537916016,0.10156568934172538,-0.775034189423724,0.8567691988011932,-0.010937837016195572,0.9708546298407503,1.4215649930914178,0.677359521686422
-0.04027749009001812,-1.0539061724814638,-2.4147795619523253,-0.08357654171754558,-0.682390994285895,1.4901431429793983,-0.6768292163870117,1.332249395571461,2.1032043584719906,-0.9778372003712856
0.5318150200932089,0.18994245880521143,-0.4072264269695703,0.629813543634737,-0.3977041139069179,2.8556796502717425,1.8199488505496704,0.21566522173796543,1.6549415173070965,0.3734932694017224
1.388996234008251,0.9114444201930811,2.2801961180745653,1.1942435344460096,-1.7073844825439868,3.378367041192698,-1.553583543414807,-1.6781172666869701,0.281845778531973,-1.1174181735133963
3.2159939671948545,-3.0689316223344756,-0.16864648865141832,2.437544814703088,0.7172835811587757,-0.5812972039551343,-0.564981911032076,-0.6505581342369169,-0.08869149202337023,-0.3773420769478101
0.2362140679016772,-0.28375116254214294,-0.22158294679672513,1.4706935561105903,-2.2332788193557644,-0.39930741154494,0.4881048177193057,-1.6605066486518028,2.737318501278013,0.9327436083455788
2.013031722778362,0.19068706522390944,3.0768634744498393,0.697797572602072,-0.7296646238211267,2.863154734915871,-1.0225853502720914,-1.7391160781253505,-1.9028020595938107,0.9965246338965807
2.282175867035419,-0.35276985642342185,0.4884659100066257,2.005037202566343,-0.5380372431374223,1.8097746730316695,0.06691572423736862,0.6487896558897762,-0.3082540209674769,0.49154212087730914
-1.4872289438086608,0.6283580576893166,-1.129999704740571,-1.437716972859027,-0.3615885805755928,1.331198840837244,-1.1177496539261753,0.788849335601955,1.0522223811426459,-0.8333735587954346
3.5416712437680844,-2.1680111376992857,2.45281193964102,2.183260340376318,1.4003997947952824,1.856134350581796,0.5542247039460395,-3.0700947702474535,-0.5310585563233816,1.935320336598404
0.8305538866152764,-0.36014727115496636,0.09327095908363577,1.6783054653578775,0.01631560168577677,-0.3465499068440375,0.7903785250428523,-1.1002274494754156,1.6280825707345803,1.4458646596420308
1.0905727801991807,-1.6420407466056228,-2.0445415664605573,1.4842415048820632,-1.2767729521310867,-0.5971773853876627,1.1129465302072028,1.0666934618184776,1.61954401819294,0.0013796510079850618
-1.5576622745779714,-0.03782472482289445,-2.1636302289433997,-1.8805610544823117,-0.16552815135332732,0.4991103715354056,-0.67938456980635,2.0818084371231116,0.3625828517969826,1.2865973693976243
2.6580433396818366,-2.1593299065590754,0.9051992010867157,2.296246913404846,-0.8522016313215837,-0.001864214475971293,-1.4627663071111208,-2.18760008117268,0.6226758016508208,-0.8908896119420586
0.006325770310897091,-1.2009080900617635,-2.744003219459828,-1.8691695678755322,1.3704096939838664,2.7361360847818235,1.4294578020440076,3.938480805132194,-1.0522582990266978,-0.2559305616697536
-1.1820591989947538,-0.833898644135504,-3.5014941178127077,-0.2965720180413367,1.1716623117805505,1.3068098129439045,-0.3653359530124707,0.9433782309037337,4.377879757543253,-1.401002838156084
-1.6270400276467052,1.522386700885347,-0.4043787484365666,-0.8022396096740931,2.2784019865292278,0.8776078620182064,0.6573649633895711,0.15644311747467832,1.4220103825277062,1.180490877972961
2.469308490107974,-0.5935540411653764,1.0210008265803576,2.0248436405154617,1.0286543794558898,1.1685924006475377,0.42956300020347943,0.049144164161048165,-0.8451446669716887,-1.8655451010781223
-0.6769026711367382,1.769516311542557,-0.054932536075435974,0.6969813124611774,0.7087186735179315,0.14827529150972418,-0.7601894489620864,0.5675439503710218,1.123551149127763,-1.9700004554188741
3.932746034990601,-1.0287432022518659,1.4215342207220663,3.2064713839936876,-1.1687410284931263,0.3362710364163002,-2.627065356808166,0.9562300907480883,-2.489199784492886,1.3680984817638127
0.299098557986047,-0.6160778982836873,-0.7476364999376685,1.404090064779428,-0.10479191689472767,-0.7711167362737338,-0.29003743960637235,-0.9969788323717008,2.4807510422615393,-1.1732695560039301
-1.0590424385966,-0.17633233754014555,-0.35813818165195166,0.009741447395590352,1.4265929803244661,-1.6213918394867592,0.32893289392409836,-1.8540487740681044,2.18825928179364,-0.5012461382334787
1.9336454244163666,-2.58265883324657,-1.7516176748980232,1.2265864432297626,0.19656354764246445,-0.35899707333010633,1.0080040042932596,1.293812940790993,0.11163812808601159,-0.5713742524172769
-0.5036562147993419,-2.692260461911343,-1.9529970265422543,-0.8710757005184482,2.1484828491487757,-1.0851889395726464,1.6209759662493883,-1.4678402596042377,2.2783088339967534,-0.7286524143201769
1.5977719936875467,1.464430476663845,3.476058472458896,0.629248745653398,1.0478511314651564,4.091355792388354,-1.1377379958113922,-1.47597302563375,-1.6614349361511551,0.01522702061744922
0.02201813406367683,1.1181606647164162,-0.1700855755489674,2.0129175410326834,0.41053201440925186,-0.44363450871217514,0.880285078983781,-0.42820918947453745,2.51692685002224,-1.8767187306827366
-1.3923880141131535,-0.40912985308749894,-3.2594223197059256,-1.2314409088127793,-0.7993484533760062,3.151418229026857,-0.8201768790460255,1.4430423823417133,3.7078796606510007,-0.1085929707124442
0.3727301365969941,-1.6348845405688297,-1.1544072332241855,-0.18789706196590306,-0.9281426382790505,-1.203487847864174,0.07272462740328739,0.5649550930896117,-0.3172503487438565,-0.22094226150476054
0.6926357313242979,-1.037414755878194,-1.8005266035253449,0.8161703645182383,0.13682182967129333,0.8064314684937531,-1.1843601723120227,1.1936861719696952,1.528355865973181,1.223853198573728
0.2505236373471829,-2.492809937063852,-2.207008333196028,-0.2279776102574369,0.2789917947484741,-0.980541866090299,0.8618168032188239,0.2925113296211861,1.1794311955018044,-0.3309781736136056
-1.3755650189853195,1.8563729814940508,0.4759469520119702,-0.5407796476583069,-2.2562499347482268,1.926891834429913,-1.178440346860046,-0.8585495032737913,1.7705446417941744,-0.5790453361681495
-1.0600081824737682,1.44351690082839,0.5288602136054563,-0.9004307378914174,1.698092906333733,1.8779682523160721,-0.8650714271711278,-0.32780810117907855,0.5701615768853792,-1.345583400104966
-1.8703836633714068,0.6201524089999635,-2.0825840731385346,-1.789377293347827,1.9928326252700297,1.0317030866733163,-0.7792955995214319,2.0133688334139026,0.9718212194937761,-1.1177788402369702
0.5623026034719816,-1.307075712640457,-2.520972897639774,1.7587124686785152,-1.3723746002994057,-0.5381399161723421,0.031044897762356697,0.6512902028762333,3.3000355742148626,-0.15674207578227609
3.2371342941288086,-1.30564647870567,0.8894576089443659,2.390603704570742,0.2983918465663045,0.1494256861463663,-0.05519823428737651,0.80799036061154,-2.097710017950906,-1.0954009030092366
0.7558325401207177,-0.797308628456567,-2.27708561884278,1.6312621675862138,-0.580143651502776,1.0200472058977288,1.369254797421876,1.2556842934214951,2.910093739410245,-0.3815241391915724
0.821694159591788,-0.5733128871906128,0.3293316061405351,1.2034350525748867,0.11821199140193689,-0.5711905937486295,-0.6741905603382268,-1.0907470048852197,0.7605245272871543,0.02879081373848167
-0.3393437698335143,-0.11208502857219915,-0.9254691774817625,1.1789061855886311,-0.7675116467674356,-0.9547368152259379,0.7636977158480469,-0.9906292780889218,2.973181164788766,-0.3961460899373217
1.7395300987147146,-1.947982374028914,-1.3566559679654777,1.7257421961555113,0.4683155849391383,-1.1541692296346486,0.5199990757978105,0.9264832951168771,0.38139469814954874,0.4015606083877186
-1.808742376777304,0.22652597122607243,-0.6994770125674554,-2.8530198950076215,0.9599566744337453,1.980422933028157,1.5834772772495995,0.35754406739552025,-0.025994323875831782,-0.2133297993092693
-2.0575713477173614,0.41713259118057056,-2.0797268476349324,-2.7517676830340783,-0.2247456205149846,2.9340323756108697,-1.1326690518768963,1.7758126572178234,1.0988594270208387,-0.8404709356859309
-1.5398004092226873,0.027914801446494164,-1.2368087137874713,-2.167555861055344,0.9280450710056922,0.7715729849269993,0.5428283512706765,1.045856593298461,-0.027262202841053185,0.20971329919736692
3.199919962199975,-1.4096027971282648,2.47031487559128,2.093112045384971,0.9902384537051827,1.151565724686821,-0.5869656870923221,-2.090105995948579,-1.3730607246230906,-0.4540335803194438
2.7472502752970955,-2.3604908487114997,1.8583079291310638,0.8714150383154073,-0.5481663559692463,1.348733090801826,-0.5382361859911543,-2.3031307769108063,-1.3708856005433336,-0.5171830838060685
-0.021843901836937147,-0.45830561897770583,-1.4449359161807414,-0.3342149439157489,0.0018459552310057436,2.4542365413966145,0.056336286812120925,0.8885560976601838,1.5447712765444908,-0.6508327256299632
-0.06806084261290703,-2.4603114206090226,-4.094700679600227,-0.4969982549157821,0.3250141362565419,-0.33023573833255426,-0.44624267421975117,2.769324434854382,1.5482673183192768,-0.6149504381483357
2.8975119142637853,-1.5385402032206839,2.10936509475206,1.4931046357225122,-0.03814008544165,1.4964300676047233,0.049802790902833904,-1.7634155316537619,-1.4568762346007376,-2.510835001401451
1.8759636110113787,-0.6957224830925928,1.5197771024350144,0.7674891556977076,1.1342947938882124,1.091421102230824,-1.3938310438129229,-0.5619667660501453,-1.723233797663457,-0.9159247272624271
1.8753145377746603,-0.8249388266043061,-0.23083956568292469,2.1250891966034806,0.2612666841318994,0.5642813061925191,0.3319425566668639,0.2131323154428586,0.7916298653139392,0.9315712686810645
1.2569639843547962,-1.2908610727981866,-1.9970009492246394,1.8509503719613862,-0.4628156863395111,0.05657916841225874,-0.6126946458776085,1.250025667674345,1.946290338080975,-1.7022132660800113
-0.3414516460617854,-0.16506894885009904,-1.2465794123613763,-1.3032486289697776,-0.3722724842855991,3.84331322603604,0.8247490065722979,1.1707814305433328,0.9652002662048504,2.075637542165838
2.9049173955787753,-2.429797872619391,0.7623548524317584,1.923608100995669,-1.396934091467959,-0.7491038006259185,0.33869836883918525,-0.9119157745061987,-1.1965166304541544,-1.3582116685261956
1.7244092043871189,0.5396525946322723,0.7848133349690614,2.7790348065668278,-0.8912169480418995,-0.5994485194273338,0.31963267591747646,0.2634986712120675,0.05022510588491946,0.2886321508983798
1.143547485473142,-1.214243849688197,-1.5723239815566319,1.3525675181692196,-0.4684338482803667,0.29159801286377707,-1.1546947426328658,1.0635434700303088,1.3081829672292336,-1.2513782464273926
2.0134104414210032,-1.0205514048315278,-0.09185863915233972,1.4631351312616916,0.3305733926254358,0.9471791918242506,1.633948183523648,0.8293262521821761,-0.5361848387914723,0.9667604626089467
1.7443867672885016,-0.019972481062686565,1.6478814255474492,0.8386340401405764,-2.0966756985697956,2.4291766409754256,0.863791824569662,-0.5176405285205152,-1.1074702546794244,0.6607233944637488
2.943269919777705,-0.5465825794610732,1.5184110996049858,2.1152563412785903,1.7687717832594205,1.507334867161392,-0.4921435151960026,0.28210014955577223,-1.7786110109897888,1.7547755448465847
